Time (s),X (m/s^2),Y (m/s^2),Z (m/s^2)
0,0.022453308,-0.138462067,9.824669495
0.1004935,0.008083191,-0.147593079,9.799372101
0.2009845,0.022453308,-0.138761444,9.745783539
0.3014745,0.028440857,-0.143551483,9.792935486
0.4019655,0.024249573,-0.148940277,9.816885681
0.5024565,0.007334747,-0.140108643,9.84861969
0.6029465,0.020657043,-0.140108643,9.819131012
0.7034375,0.009131012,-0.144599304,9.785151672
0.8039275,0.026494904,-0.140258331,9.85685257
0.9044185,0.023950195,-0.139809265,9.784552917
1.0049095,0.033829651,-0.137414246,9.841734009
1.105399417,0.023800507,-0.142952728,9.77257782
1.205890417,0.006885681,-0.125888214,9.781259766
1.306381417,0.013771362,-0.139509888,9.775421906
1.406871417,0.017064514,-0.146096191,9.795779572
1.507362417,0.015717316,-0.14160553,9.798923035
1.607853417,0.015118561,-0.141006775,9.788744202
1.708343417,0.018860779,-0.147293701,9.789193268
1.808834417,0.035027161,-0.144898682,9.796228638
1.909325417,0.016914825,-0.135917358,9.804760895
2.009815417,0.013172607,-0.143252106,9.807754669
2.110303875,0.010627899,-0.144299927,9.793234863
2.210794875,0.014370117,-0.145198059,9.816137238
2.311285875,0.021255798,-0.149988098,9.801467743
2.411776875,0.000149689,-0.141755219,9.793534241
2.512266875,0.023800507,-0.144898682,9.777816925
2.612757875,0.011376343,-0.141006775,9.75147171
2.713248875,0.03278183,-0.145497437,9.799970856
2.813739875,0.017663269,-0.135617981,9.785151672
2.914230875,0.026195526,-0.142653351,9.823172607
3.014721875,0.019459534,-0.143102417,9.814939728
3.115212417,0.020657043,-0.144000549,9.820627899
3.215703417,0.022153931,-0.147892456,9.828262024
3.316194417,0.016615448,-0.142353973,9.802365875
3.416685417,0.000449066,-0.149539032,9.798174591
3.517176417,0.022153931,-0.141904907,9.788744202
3.617667417,0.016166382,-0.151185608,9.783205719
3.718158417,0.025596771,-0.148042145,9.794582062
3.818649417,0.006137238,-0.15208374,9.79592926
3.919140417,0.027692413,-0.126936035,9.810299377
4.019631417,0.013921051,-0.147293701,9.808054047
4.120122292,0.012124786,-0.138761444,9.807754669
4.220613292,0.019010468,-0.142653351,9.823921051
4.321105292,0.015567627,-0.138013001,9.800569611
4.421596292,0.012424164,-0.153730316,9.780511322
4.522087292,0.010927277,-0.136067047,9.773925018
4.622578292,0.010627899,-0.134420471,9.799821167
4.723069292,0.021704865,-0.142503662,9.791588287
4.823560292,0.016765137,-0.135318604,9.803713074
4.924051292,0.023800507,-0.144000549,9.823621674
5.024543292,0.015567627,-0.143701172,9.80296463
5.125034875,0.013621674,-0.147742767,9.798473969
5.225525875,0.014968872,-0.140258331,9.805659027
5.326016875,0.01287323,-0.156125336,9.79128891
5.426507875,0.028440857,-0.135318604,9.788295135
5.526998875,0.005987549,-0.125439148,9.793534241
5.627490875,0.017214203,-0.138162689,9.79592926
5.727981875,0.021854553,-0.138611755,9.81
5.828472875,0.020207977,-0.131576386,9.808503113
5.928963875,0.016765137,-0.138761444,9.800270233
6.029455875,0.016465759,-0.149988098,9.803713074
6.12994575,0.016765137,-0.134869537,9.798623657
6.23043675,0.014669495,-0.145946503,9.791737976
6.33092775,0.013322296,-0.134719849,9.798623657
6.43141875,0.007783813,-0.138462067,9.798174591
6.53191075,0.015717316,-0.149838409,9.787696381
6.63240175,0.021255798,-0.152682495,9.802066498
6.73289275,0.015867004,-0.142503662,9.79952179
6.83338375,0.017812958,-0.145497437,9.79473175
6.93387575,0.019160156,-0.146395569,9.803862762
7.03436675,0.013771362,-0.144898682,9.797426147
7.134858125,0.013771362,-0.14280304,9.80296463
7.235350125,0.018860779,-0.14040802,9.806856537
7.335841125,0.018561401,-0.148042145,9.81
7.436332125,0.01287323,-0.135468292,9.795330505
7.536823125,0.01047821,-0.13337265,9.790390778
7.637315125,0.021555176,-0.140557709,9.814790039
7.737806125,0.027542725,-0.131726074,9.797725525
7.838298125,0.016914825,-0.14040802,9.793384552
7.938789125,0.012424164,-0.144150238,9.793085175
8.039280125,0.014370117,-0.144898682,9.797725525
8.139772125,0.018262024,-0.14624588,9.787546692
8.240263125,0.010029144,-0.134869537,9.78889389
8.340755125,0.021854553,-0.138013001,9.790690155
8.441246125,0.024848328,-0.147593079,9.796528015
8.541738125,0.016166382,-0.133222961,9.788594513
8.642229125,0.017812958,-0.129630432,9.789642334
8.742721125,0.024848328,-0.137863312,9.795330505
8.843213125,0.008083191,-0.142054596,9.797276459
8.943704125,0.022902374,-0.13921051,9.797725525
9.044196125,0.02694397,-0.142952728,9.801018677
9.144691125,0.019309845,-0.143401794,9.792636108
9.245183125,0.010927277,-0.134719849,9.792187042
9.345675125,0.024698639,-0.15328125,9.813592529
9.446167125,0.009280701,-0.145198059,9.793085175
9.546658125,0.011975098,-0.137563934,9.805509338
9.647150125,0.008532257,-0.139509888,9.792187042
9.747642125,0.017663269,-0.137563934,9.778116302
9.848134125,0.01407074,-0.138312378,9.782756653
9.948626125,0.023052063,-0.139958954,9.780361633
10.04911713,0.015717316,-0.135168915,9.791438599
10.14960917,0.024399261,-0.138761444,9.804311829
10.25010117,0.02110611,-0.139659576,9.802365875
10.35059317,0.014819183,-0.141156464,9.806706848
10.45108517,0.007185059,-0.139659576,9.807006226
10.55157717,0.010927277,-0.139659576,9.795180817
10.65206917,0.010328522,-0.142353973,9.796228638
10.75256117,0.016316071,-0.142952728,9.793683929
10.85305317,0.011076965,-0.140857086,9.786349182
10.95354517,0.016765137,-0.144150238,9.79952179
11.05403717,0.016316071,-0.144898682,9.80535965
11.15452475,0.018262024,-0.145796814,9.806257782
11.25501675,0.019010468,-0.155825958,9.810598755
11.35550875,0.015717316,-0.132025452,9.80416214
11.45600175,0.006586304,-0.14280304,9.795779572
11.55649375,0.021854553,-0.144299927,9.786349182
11.65698575,0.015567627,-0.143401794,9.786199493
11.75747775,0.000748444,-0.141455841,9.779762878
11.85796975,0.019309845,-0.144599304,9.783654785
11.95846175,0.020657043,-0.136815491,9.801916809
12.05895475,0.019609222,-0.151634674,9.791588287
12.15945117,0.026794281,-0.131576386,9.80760498
12.25994317,0.004939728,-0.136665802,9.812694397
12.36043517,0.032033386,-0.140108643,9.788594513
12.46092717,0.019758911,-0.140108643,9.815987549
12.56142017,0.013771362,-0.136965179,9.808054047
12.66191217,0.026045837,-0.141755219,9.803713074
12.76240417,0.017064514,-0.145946503,9.796228638
12.86289617,0.019160156,-0.139809265,9.787247314
12.96338917,0.012723541,-0.142653351,9.80535965
13.06388117,0.024698639,-0.146395569,9.808952179
13.16436917,0.011376343,-0.148042145,9.793085175
13.26486117,0.010627899,-0.141455841,9.781858521
13.36535417,0.024698639,-0.138013001,9.800569611
13.46584617,0.02454895,-0.131875763,9.795779572
13.56633817,0.020806732,-0.136965179,9.794432373
13.66683117,0.015567627,-0.137563934,9.813742218
13.76732317,0.019609222,-0.138162689,9.816885681
13.86781517,0.014968872,-0.135617981,9.801168365
13.96830817,0.020956421,-0.135468292,9.806557159
14.06880017,0.015567627,-0.146994324,9.803114319
14.1692925,0.019758911,-0.150736542,9.790241089
14.2697855,0.011975098,-0.138312378,9.801916809
14.3702775,0.022752686,-0.144599304,9.79832428
14.4707695,0.013621674,-0.140857086,9.796378326
14.5712625,0.013172607,-0.14280304,9.804611206
14.6717545,0.018561401,-0.150586853,9.798024902
14.7722475,0.022752686,-0.135468292,9.810748444
14.8727395,0.015567627,-0.139809265,9.785750427
14.9732315,0.010328522,-0.139958954,9.80296463
15.0737245,0.017064514,-0.147742767,9.797276459
15.17421567,0.01871109,-0.134270783,9.816885681
15.27470867,0.017962646,-0.144150238,9.805659027
15.37520067,0.012124786,-0.137563934,9.812844086
15.47569367,0.020806732,-0.140857086,9.802665253
15.57618567,0.025297394,-0.13576767,9.797875214
15.67667867,0.018860779,-0.155227203,9.802365875
15.77717067,0.011825409,-0.117505646,9.788444824
15.87766267,0.025297394,-0.142054596,9.801168365
15.97815567,0.011376343,-0.138761444,9.7900914
16.07864767,0.016465759,-0.136067047,9.79832428
16.17914192,0.016016693,-0.137863312,9.798773346
16.27963392,0.021255798,-0.145198059,9.810299377
16.38012692,0.01167572,-0.140857086,9.804012451
16.48061892,0.018860779,-0.137563934,9.79952179
16.58111192,0.019309845,-0.14624588,9.802216187
16.68160392,0.012274475,-0.138312378,9.794132996
16.78209692,0.025896149,-0.14280304,9.810149689
16.88258992,0.017663269,-0.135917358,9.813143463
16.98308192,0.017812958,-0.135917358,9.80535965
17.08357492,0.020357666,-0.129031677,9.805808716
17.18406592,0.02335144,-0.14280304,9.793534241
17.28455892,0.021704865,-0.138761444,9.804611206
17.38505092,0.02110611,-0.150586853,9.810449066
17.48554392,0.012723541,-0.141306152,9.792037354
17.58603592,0.022453308,-0.146096191,9.800419922
17.68652892,0.026195526,-0.130528565,9.80176712
17.78702192,0.011526031,-0.152532806,9.797276459
17.88751392,0.021255798,-0.146844635,9.805060272
17.98800692,0.009430389,-0.140258331,9.804611206
18.08849892,0.015118561,-0.138761444,9.809550934
18.18899242,0.017812958,-0.138162689,9.808203735
18.28948542,0.0199086,-0.138761444,9.795031128
18.38997742,0.015417938,-0.146844635,9.804311829
18.49047042,0.017812958,-0.13457016,9.812245331
18.59096242,0.011825409,-0.141904907,9.792037354
18.69145542,0.027093658,-0.135617981,9.802066498
18.79194842,0.011526031,-0.142653351,9.804012451
18.89244042,0.017663269,-0.141455841,9.803713074
18.99293342,0.020207977,-0.139360199,9.811047821
19.09342542,0.024998016,-0.14744339,9.806856537
19.193919,0.014220428,-0.149239655,9.804611206
19.294412,0.021704865,-0.143551483,9.794282684
19.394904,0.021255798,-0.132923584,9.810449066
19.495397,0.019160156,-0.141156464,9.810898132
19.59589,0.016615448,-0.139809265,9.796977081
19.696382,0.014519806,-0.139958954,9.808203735
19.796875,0.015567627,-0.139360199,9.798923035
19.897367,0.023501129,-0.145497437,9.813742218
19.99786,0.023052063,-0.147293701,9.809101868
20.098353,0.015567627,-0.138611755,9.803413696
20.19884412,0.017064514,-0.141306152,9.800719299
20.29933713,0.0199086,-0.153730316,9.802365875
20.39982913,0.023052063,-0.131277008,9.802814941
20.50032213,0.019309845,-0.140557709,9.794881439
20.60081512,0.019758911,-0.142653351,9.808353424
20.70130713,0.021704865,-0.140557709,9.80760498
20.80180013,0.018860779,-0.136216736,9.810449066
20.90229212,0.023950195,-0.150137787,9.809101868
21.00278513,0.010178833,-0.137863312,9.799821167
21.10327738,0.014819183,-0.142653351,9.80296463
21.20377038,0.021704865,-0.140857086,9.808503113
21.30426238,0.021405487,-0.134869537,9.804611206
21.40475537,0.023201752,-0.144599304,9.812544708
21.50524738,0.01287323,-0.130229187,9.814041595
21.60574038,0.016166382,-0.134270783,9.813742218
21.70623237,0.017962646,-0.144299927,9.80416214
21.80672538,0.014669495,-0.142503662,9.822274475
21.90721738,0.01871109,-0.145647125,9.801916809
22.00771038,0.020058289,-0.139958954,9.814490662
22.10820238,0.022004242,-0.140557709,9.81703537
22.20869538,0.016166382,-0.12992981,9.814790039
22.30918738,0.014519806,-0.142503662,9.81
22.40967938,0.012424164,-0.143701172,9.790690155
22.51017238,0.019609222,-0.133821716,9.803563385
22.61066438,0.019459534,-0.142503662,9.79592926
22.71115638,0.023650818,-0.141904907,9.802515564
22.81164938,0.01751358,-0.142503662,9.806407471
22.91214138,0.019758911,-0.147144013,9.804611206
23.01263438,0.01407074,-0.141156464,9.81
23.11312613,0.017214203,-0.139659576,9.808652802
23.21361813,0.011975098,-0.139360199,9.807754669
23.31411013,0.020806732,-0.149688721,9.803862762
23.41460313,0.012424164,-0.143102417,9.816436615
23.51509513,0.020806732,-0.133672028,9.808054047
23.61558713,0.012573853,-0.154628449,9.820777588
23.71608012,0.021555176,-0.154628449,9.810748444
23.81657213,0.003592529,-0.139809265,9.791438599
23.91706413,0.022153931,-0.132773895,9.811496887
24.01755613,0.011975098,-0.134270783,9.816137238
24.1180495,0.016016693,-0.142054596,9.810449066
24.2185415,0.01407074,-0.140857086,9.812245331
24.3190335,0.020357666,-0.149389343,9.81119751
24.4195255,0.01751358,-0.144299927,9.799821167
24.5200175,0.016465759,-0.146545258,9.797426147
24.6205105,0.014370117,-0.136516113,9.79832428
24.7210025,0.016465759,-0.139659576,9.798923035
24.8214945,0.017363892,-0.141904907,9.817334747
24.9219865,0.024698639,-0.133073273,9.796528015
25.0224785,0.018860779,-0.132624207,9.806108093
25.12297025,0.012424164,-0.141006775,9.810898132
25.22346225,0.018860779,-0.141306152,9.81119751
25.32395525,0.016465759,-0.147892456,9.807006226
25.42444725,0.019160156,-0.143551483,9.816286926
25.52493925,0.016316071,-0.144898682,9.794582062
25.62543125,0.00464035,-0.145946503,9.782008209
25.72592325,0.017812958,-0.153580627,9.805060272
25.82641525,0.024399261,-0.141904907,9.793534241
25.92690725,0.024698639,-0.137264557,9.812095642
26.02739925,0.018262024,-0.146395569,9.79712677
26.1278915,0.015717316,-0.151784363,9.795330505
26.2283835,0.011376343,-0.13576767,9.793384552
26.3288755,0.020657043,-0.143102417,9.814490662
26.4293675,0.020956421,-0.142503662,9.820178833
26.5298595,0.016166382,-0.15208374,9.81
26.6303515,0.019609222,-0.133821716,9.814340973
26.7308435,0.018262024,-0.138462067,9.811646576
26.8313355,0.011376343,-0.142054596,9.819280701
26.9318275,0.011526031,-0.152233429,9.789941711
27.0323195,0.019010468,-0.145946503,9.806108093
27.1328105,0.01167572,-0.135917358,9.793234863
27.2333025,0.020956421,-0.135318604,9.811347198
27.3337945,0.029039612,-0.137264557,9.812245331
27.4342865,0.016166382,-0.136067047,9.821975098
27.5347785,0.01287323,-0.141755219,9.806557159
27.6352705,0.01047821,-0.144449616,9.812694397
27.7357625,0.008981323,-0.143102417,9.807305603
27.8362545,0.027542725,-0.138611755,9.805958405
27.9367465,0.017812958,-0.142503662,9.811047821
28.0372385,0.016316071,-0.131426697,9.79473175
28.13773113,0.022303619,-0.13921051,9.799970856
28.23822313,0.026794281,-0.13576767,9.806108093
28.33871513,0.019309845,-0.14160553,9.80880249
28.43920713,0.012573853,-0.147293701,9.809550934
28.53969813,0.019609222,-0.146844635,9.808054047
28.64019013,0.007484436,-0.145347748,9.806257782
28.74068213,0.017962646,-0.148191834,9.810299377
28.84117413,0.016316071,-0.147742767,9.806557159
28.94166612,0.017064514,-0.13217514,9.807754669
29.04215813,0.020207977,-0.131576386,9.803713074
29.14264904,0.028889923,-0.143850861,9.808203735
29.24314104,0.01751358,-0.141156464,9.809401245
29.34363304,0.017812958,-0.14040802,9.80296463
29.44412504,0.016316071,-0.142054596,9.796977081
29.54461704,0.02110611,-0.130528565,9.808503113
29.64510804,0.024848328,-0.138761444,9.811496887
29.74560004,0.01407074,-0.145198059,9.820328522
29.84609204,0.017962646,-0.132624207,9.808353424
29.94658304,0.021405487,-0.140707398,9.785151672
30.04707504,0.028889923,-0.151634674,9.809251556
30.147567,0.015867004,-0.141156464,9.798923035
30.248059,0.019010468,-0.14040802,9.81
30.34855,0.017363892,-0.144898682,9.808203735
30.449042,0.010927277,-0.145198059,9.803713074
30.549533,0.018860779,-0.140707398,9.810598755
30.650025,0.023650818,-0.151035919,9.79952179
30.750517,0.017363892,-0.139060822,9.815688171
30.851008,0.017214203,-0.143850861,9.800569611
30.9515,0.013771362,-0.139509888,9.817185059
31.051991,0.026644592,-0.139360199,9.809850311
31.15248375,0.022453308,-0.138013001,9.812095642
31.25297575,0.022303619,-0.144299927,9.795779572
31.35346675,0.011975098,-0.145647125,9.798923035
31.45395875,0.019459534,-0.146994324,9.800120544
31.55444975,0.022902374,-0.141455841,9.807155914
31.65494175,0.013921051,-0.148341522,9.797575836
31.75543275,0.014968872,-0.13576767,9.811347198
31.85592475,0.016914825,-0.157322846,9.796677704
31.95641575,0.023950195,-0.145497437,9.797276459
32.05690775,0.020058289,-0.149089966,9.798473969
32.15739804,0.017363892,-0.145796814,9.808952179
32.25789004,0.012124786,-0.138611755,9.816137238
32.35838104,0.017812958,-0.146096191,9.805209961
32.45887304,0.013322296,-0.133672028,9.811047821
32.55936404,0.016166382,-0.144449616,9.805060272
32.65985604,0.016316071,-0.14040802,9.802066498
32.76034704,0.030985565,-0.140857086,9.803264008
32.86083804,0.011226654,-0.146844635,9.802814941
32.96133004,0.01751358,-0.150137787,9.805060272
33.06182104,0.023201752,-0.138911133,9.795031128
33.16231313,0.022902374,-0.14040802,9.799372101
33.26280412,0.01526825,-0.141006775,9.801467743
33.36329613,0.016615448,-0.141455841,9.806706848
33.46378713,0.025147705,-0.138911133,9.801018677
33.56427813,0.009879456,-0.133522339,9.798923035
33.66477013,0.014968872,-0.145198059,9.803264008
33.76526113,0.014370117,-0.145647125,9.807155914
33.86575313,0.014669495,-0.136665802,9.808353424
33.96624413,0.016914825,-0.142054596,9.807006226
34.06673513,0.016316071,-0.142503662,9.813592529
34.16723063,0.010627899,-0.143102417,9.815688171
34.26772163,0.01871109,-0.141006775,9.805060272
34.36821362,0.01871109,-0.14504837,9.807305603
34.46870463,0.013771362,-0.139809265,9.793983307
34.56919563,0.022453308,-0.139809265,9.808652802
34.66968763,0.025147705,-0.138761444,9.804012451
34.77017863,0.020058289,-0.13921051,9.807006226
34.87066963,0.011975098,-0.150137787,9.815987549
34.97116162,0.01871109,-0.136815491,9.812245331
35.07165263,0.012424164,-0.137863312,9.792935486
35.17214079,0.026345215,-0.148790588,9.807754669
35.27263279,0.015867004,-0.144299927,9.80880249
35.37312379,0.021255798,-0.140258331,9.822424164
35.47361479,0.014669495,-0.144150238,9.815239105
35.57410679,0.013471985,-0.139809265,9.817185059
35.67459779,0.017064514,-0.142503662,9.810449066
35.77508879,0.019309845,-0.143850861,9.81119751
35.87557979,0.019010468,-0.141156464,9.811796265
35.97607179,0.022453308,-0.143102417,9.799222412
36.07656279,0.017363892,-0.143701172,9.802066498
36.17705363,0.018411713,-0.137713623,9.798773346
36.27754563,0.020806732,-0.140857086,9.807155914
36.37803662,0.016914825,-0.138162689,9.803713074
36.47852763,0.023052063,-0.137713623,9.796528015
36.57901863,0.01047821,-0.14160553,9.79832428
36.67951063,0.016016693,-0.151335297,9.787696381
36.78000163,0.020657043,-0.141006775,9.815089417
36.88049263,0.026494904,-0.146844635,9.817933502
36.98098363,0.026345215,-0.144898682,9.820328522
37.08147463,0.016615448,-0.145347748,9.79712677
37.18196588,0.013172607,-0.135019226,9.804012451
37.28245688,0.016914825,-0.140857086,9.79592926
37.38294788,0.012124786,-0.151634674,9.802365875
37.48343888,0.019609222,-0.147293701,9.802066498
37.58392988,0.013022919,-0.147144013,9.822723541
37.68442188,0.01407074,-0.144599304,9.795330505
37.78491288,0.021854553,-0.144000549,9.804910583
37.88540387,0.020507355,-0.138013001,9.804461517
37.98589488,0.017812958,-0.151484985,9.80176712
38.08638588,0.01871109,-0.146096191,9.793833618
38.18688063,0.01287323,-0.142353973,9.788744202
38.28737263,0.018411713,-0.14280304,9.796677704
38.38786363,0.016615448,-0.140857086,9.808054047
38.48835463,0.009580078,-0.140258331,9.792187042
38.58884563,0.009430389,-0.143252106,9.811047821
38.68933663,0.016166382,-0.138611755,9.807305603
38.78982763,0.018112335,-0.149389343,9.818382568
38.89031963,0.016166382,-0.148491211,9.806407471
38.99081063,0.014370117,-0.137713623,9.792785797
39.09130163,0.017064514,-0.135019226,9.798174591
39.19178917,0.019758911,-0.137863312,9.792935486
39.29228017,0.010328522,-0.144599304,9.803713074
39.39277117,0.025447083,-0.140857086,9.819430389
39.49326217,0.019010468,-0.140258331,9.808203735
39.59375417,0.010927277,-0.138911133,9.809700623
39.69424517,0.022902374,-0.141306152,9.810598755
39.79473617,0.015417938,-0.140857086,9.806407471
39.89522717,0.019160156,-0.139509888,9.803413696
39.99571817,0.009131012,-0.140857086,9.802216187
40.09620917,0.019309845,-0.148940277,9.807754669
40.19670075,0.019010468,-0.143252106,9.801617432
40.29719175,0.020507355,-0.141006775,9.798773346
40.39768275,0.01526825,-0.148191834,9.791887665
40.49817475,0.01287323,-0.144000549,9.813891907
40.59866575,0.011975098,-0.139659576,9.800868988
40.69915675,0.022303619,-0.148191834,9.798773346
40.79964775,0.016914825,-0.143701172,9.813592529
40.90013875,0.017663269,-0.141156464,9.807305603
41.00062975,0.021405487,-0.145198059,9.807155914
41.10112075,0.023201752,-0.142054596,9.804461517
41.201611,0.01871109,-0.148940277,9.800569611
41.302102,0.022004242,-0.141755219,9.796528015
41.402593,0.01871109,-0.142054596,9.790390778
41.503084,0.01871109,-0.144000549,9.802515564
41.603575,0.01751358,-0.146395569,9.82287323
41.704066,0.026345215,-0.153580627,9.81823288
41.804557,0.019010468,-0.143701172,9.814939728
41.905048,0.026644592,-0.149838409,9.811347198
42.005539,0.019459534,-0.145796814,9.818831635
42.10603,0.023800507,-0.13921051,9.811796265
42.20652087,0.01407074,-0.140108643,9.803713074
42.30701188,0.020956421,-0.14160553,9.827064514
42.40750288,0.008681946,-0.145198059,9.810299377
42.50799388,0.021555176,-0.144599304,9.797276459
42.60848488,0.014819183,-0.133522339,9.810898132
42.70897588,0.016316071,-0.149239655,9.805060272
42.80946688,0.027542725,-0.135917358,9.799072723
42.90995788,0.013921051,-0.149089966,9.815538483
43.01044888,0.020806732,-0.140857086,9.803713074
43.11093988,0.016765137,-0.142653351,9.803862762
43.21143117,0.024848328,-0.142353973,9.804611206
43.31192217,0.017812958,-0.139958954,9.811796265
43.41241317,0.015867004,-0.137563934,9.80176712
43.51290317,0.021255798,-0.146694946,9.81583786
43.61339417,0.015717316,-0.135019226,9.80760498
43.71388517,0.025297394,-0.133522339,9.802515564
43.81437617,0.012573853,-0.147742767,9.800569611
43.91486717,0.013621674,-0.146844635,9.798623657
44.01535817,0.020357666,-0.14504837,9.79712677
44.11584917,0.021405487,-0.142204285,9.802665253
44.21634387,0.015717316,-0.145647125,9.800270233
44.31683488,0.025596771,-0.142353973,9.816286926
44.41732588,0.020207977,-0.149838409,9.806557159
44.51781588,0.019010468,-0.141306152,9.801168365
44.61830688,0.024698639,-0.138611755,9.810449066
44.71879788,0.021854553,-0.145796814,9.804910583
44.81928888,0.013921051,-0.139060822,9.805808716
44.91977988,0.02574646,-0.13921051,9.814041595
45.02027088,0.016615448,-0.133672028,9.805509338
45.12076188,0.023201752,-0.144748993,9.807904358
45.22124888,0.021555176,-0.136665802,9.808652802
45.32173988,0.022004242,-0.140557709,9.80760498
45.42222988,0.017214203,-0.138911133,9.82167572
45.52272088,0.019609222,-0.138911133,9.807006226
45.62321188,0.022303619,-0.147144013,9.805060272
45.72370288,0.017812958,-0.147593079,9.811796265
45.82419387,0.025896149,-0.140108643,9.81703537
45.92468488,0.020956421,-0.145347748,9.806108093
46.02517588,0.020657043,-0.138911133,9.801617432
46.12566588,0.026195526,-0.143850861,9.81239502
46.22615675,0.015717316,-0.14040802,9.802665253
46.32664775,0.019758911,-0.13576767,9.820328522
46.42713875,0.015118561,-0.130378876,9.809700623
46.52762975,0.026644592,-0.141306152,9.813592529
46.62812075,0.020207977,-0.135468292,9.81
46.72861175,0.022153931,-0.135168915,9.792037354
46.82910175,0.021704865,-0.143102417,9.809251556
46.92959275,0.016016693,-0.136516113,9.81239502
47.03008375,0.013022919,-0.14040802,9.800868988
47.13057579,0.017363892,-0.140108643,9.813891907
47.23106679,0.018262024,-0.138761444,9.807904358
47.33155679,0.023950195,-0.140108643,9.804461517
47.43204779,0.025596771,-0.132773895,9.803713074
47.53253879,0.015417938,-0.143850861,9.796078949
47.63302979,0.022303619,-0.14504837,9.809850311
47.73351979,0.013322296,-0.154029694,9.812844086
47.83401079,0.022303619,-0.14040802,9.814340973
47.93450179,0.011825409,-0.137114868,9.797875214
48.03499279,0.016316071,-0.139060822,9.801467743
48.13548317,0.018262024,-0.135468292,9.801168365
48.23597317,0.014519806,-0.137563934,9.800868988
48.33646417,0.013771362,-0.141755219,9.816436615
48.43695517,0.010627899,-0.145946503,9.804611206
48.53744517,0.017363892,-0.137114868,9.819430389
48.63793617,0.02574646,-0.144299927,9.810598755
48.73842717,0.01751358,-0.131277008,9.802066498
48.83891817,0.016316071,-0.128881989,9.78889389
48.93940817,0.011376343,-0.144150238,9.823172607
49.03989917,0.016765137,-0.142503662,9.808353424
49.14039088,0.016465759,-0.143551483,9.82287323
49.24088088,0.020806732,-0.142503662,9.801617432
49.34137188,0.019758911,-0.141904907,9.803413696
49.44186287,0.020058289,-0.135617981,9.804611206
49.54235288,0.01526825,-0.143401794,9.805808716
49.64284388,0.018860779,-0.14624588,9.809101868
49.74333488,0.020357666,-0.141306152,9.801168365
49.84382488,0.013921051,-0.136815491,9.828112335
49.94431588,0.020357666,-0.145946503,9.803713074
50.04480688,0.01871109,-0.137114868,9.800270233
50.14529638,0.023501129,-0.141306152,9.806706848
50.24578738,0.019010468,-0.134869537,9.804611206
50.34627838,0.021555176,-0.14040802,9.811646576
50.44676838,0.016166382,-0.147144013,9.806557159
50.54725938,0.026195526,-0.136665802,9.814939728
50.64774937,0.020507355,-0.145946503,9.80535965
50.74824038,0.021854553,-0.135019226,9.815688171
50.84873138,0.010178833,-0.139958954,9.82167572
50.94922138,0.018561401,-0.147593079,9.790989532
51.04971238,0.01526825,-0.140857086,9.813891907
51.1502025,0.019758911,-0.142054596,9.802365875
51.2506935,0.02110611,-0.139958954,9.798024902
51.3511845,0.018561401,-0.137713623,9.796827393
51.4516745,0.019758911,-0.144599304,9.821825409
51.5521655,0.021405487,-0.132923584,9.823471985
51.6526555,0.02694397,-0.135468292,9.825118561
51.7531465,0.017962646,-0.141755219,9.812694397
51.8536375,0.020058289,-0.141904907,9.790540466
51.9541275,0.021854553,-0.140857086,9.81
52.0546185,0.013621674,-0.139509888,9.819131012
52.15510817,0.019160156,-0.146096191,9.806108093
52.25559917,0.019010468,-0.150586853,9.804311829
52.35608917,0.025297394,-0.142353973,9.808503113
52.45658017,0.020657043,-0.147892456,9.810748444
52.55707017,0.016615448,-0.134719849,9.814041595
52.65756117,0.013022919,-0.145347748,9.815538483
52.75805117,0.019160156,-0.136516113,9.811945953
52.85854217,0.016465759,-0.149389343,9.807455292
52.95903217,0.016465759,-0.155227203,9.812694397
53.05952317,0.019609222,-0.139958954,9.817185059
53.16001342,0.018112335,-0.148042145,9.814939728
53.26050442,0.024399261,-0.143850861,9.807904358
53.36099442,0.019309845,-0.141306152,9.801467743
53.46148542,0.020207977,-0.137863312,9.804012451
53.56197542,0.01287323,-0.145946503,9.794432373
53.66246642,0.019309845,-0.141755219,9.813742218
53.76295642,0.0199086,-0.129780121,9.816885681
53.86344742,0.017812958,-0.146395569,9.814041595
53.96393742,0.016765137,-0.140108643,9.803563385
54.06442742,0.022602997,-0.144599304,9.798623657
54.16491813,0.015867004,-0.124690704,9.810898132
54.26540813,0.025297394,-0.140857086,9.812095642
54.36589913,0.017962646,-0.135617981,9.819280701
54.46638913,0.020058289,-0.136665802,9.812095642
54.56688012,0.023501129,-0.142653351,9.809550934
54.66737013,0.019459534,-0.13457016,9.798623657
54.76786013,0.006735992,-0.143252106,9.81
54.86835113,0.019160156,-0.144449616,9.808503113
54.96884113,0.027093658,-0.140857086,9.805509338
55.06933113,0.016615448,-0.13576767,9.817334747
55.16982263,0.016765137,-0.147144013,9.805659027
55.27031263,0.015867004,-0.137563934,9.824220428
55.37080363,0.013322296,-0.138013001,9.803713074
55.47129362,0.018561401,-0.144748993,9.792187042
55.57178363,0.017214203,-0.135168915,9.808952179
55.67227463,0.017962646,-0.130977631,9.821975098
55.77276463,0.020507355,-0.142204285,9.804012451
55.87325463,0.010927277,-0.14160553,9.79473175
55.97374563,0.021405487,-0.134270783,9.805209961
56.07423563,0.016765137,-0.146395569,9.800120544
56.17472854,0.015867004,-0.152682495,9.810748444
56.27521954,0.018561401,-0.13921051,9.797426147
56.37570954,0.015867004,-0.144000549,9.804311829
56.47620054,0.023650818,-0.141455841,9.816586304
56.57669054,0.02110611,-0.141904907,9.80176712
56.67718054,0.017663269,-0.146694946,9.797575836
56.77767154,0.022004242,-0.14280304,9.808503113
56.87816154,0.022453308,-0.148940277,9.811047821
56.97865254,0.020207977,-0.149988098,9.810449066
57.07914254,0.025447083,-0.13921051,9.804760895
57.17962854,0.013921051,-0.135917358,9.811496887
57.28011954,0.021704865,-0.154029694,9.817185059
57.38060954,0.02694397,-0.136216736,9.813293152
57.48109954,0.022602997,-0.132624207,9.801318054
57.58159054,0.016016693,-0.132025452,9.789642334
57.68208054,0.017962646,-0.138611755,9.789642334
57.78257154,0.023800507,-0.134121094,9.798174591
57.88306154,0.019309845,-0.140857086,9.813442841
57.98355154,0.016166382,-0.14504837,9.822124786
58.08404254,0.026195526,-0.140258331,9.809251556
58.184533,0.018262024,-0.142054596,9.804611206
58.285024,0.025596771,-0.143102417,9.818382568
58.385514,0.029039612,-0.146844635,9.826765137
58.486004,0.016316071,-0.140857086,9.816586304
58.586495,0.017214203,-0.144748993,9.800120544
58.686985,0.014519806,-0.133821716,9.814490662
58.787476,0.014519806,-0.145497437,9.801916809
58.887966,0.017363892,-0.150137787,9.815538483
58.988456,0.010627899,-0.143401794,9.813143463
59.088947,0.03158432,-0.147742767,9.792935486
59.18944104,0.023650818,-0.14280304,9.816735992
59.28993204,0.011825409,-0.139509888,9.803713074
59.39042204,0.019010468,-0.139060822,9.807455292
59.49091204,0.009879456,-0.140258331,9.824669495
59.59140304,0.016016693,-0.138611755,9.820178833
59.69189304,0.022602997,-0.145946503,9.82047821
59.79238304,0.005239105,-0.135318604,9.818831635
59.89287404,0.016765137,-0.141755219,9.803413696
59.99336404,0.021854553,-0.147144013,9.812245331
60.09385504,0.016465759,-0.1486409,9.816286926
60.19434175,0.014819183,-0.136216736,9.796827393
60.29483175,0.016316071,-0.142952728,9.806407471
60.39532275,0.01871109,-0.135168915,9.795031128
60.49581275,0.015118561,-0.137863312,9.80535965
60.59630275,0.018112335,-0.131576386,9.810449066
60.69679375,0.024249573,-0.13921051,9.815688171
60.79728375,0.017812958,-0.140857086,9.799222412
60.89777375,0.016316071,-0.14160553,9.80760498
60.99826475,0.022303619,-0.143701172,9.802814941
61.09875475,0.020058289,-0.133522339,9.804760895
61.199244,0.026195526,-0.136067047,9.816735992
61.299735,0.01287323,-0.137264557,9.800419922
61.400225,0.00583786,-0.139360199,9.808203735
61.500716,0.011975098,-0.142353973,9.809101868
61.601206,0.014220428,-0.138462067,9.820178833
61.701696,0.028740234,-0.132773895,9.800120544
61.802187,0.016465759,-0.140857086,9.80176712
61.902677,0.027991791,-0.137863312,9.798773346
62.003167,0.017214203,-0.134869537,9.810748444
62.103658,0.022752686,-0.146694946,9.805209961
62.20414838,0.025896149,-0.141156464,9.813143463
62.30463838,0.017962646,-0.145198059,9.805958405
62.40512938,0.023650818,-0.145198059,9.805509338
62.50561938,0.025147705,-0.14504837,9.818083191
62.60610938,0.019609222,-0.136815491,9.805958405
62.70660038,0.014519806,-0.141306152,9.816137238
62.80709038,0.021555176,-0.142503662,9.795779572
62.90758038,0.018262024,-0.146395569,9.799372101
63.00807138,0.026045837,-0.140258331,9.805958405
63.10856138,0.013172607,-0.154029694,9.807904358
63.20905063,0.015417938,-0.138911133,9.819879456
63.30954162,0.024399261,-0.141006775,9.811496887
63.41003163,0.019010468,-0.135019226,9.821376343
63.51052263,0.020657043,-0.141755219,9.815239105
63.61101263,0.023501129,-0.136366425,9.812095642
63.71150263,0.024399261,-0.142204285,9.811646576
63.81199363,0.021405487,-0.143102417,9.816137238
63.91248363,0.017064514,-0.140258331,9.808652802
64.01297363,0.024249573,-0.138462067,9.799372101
64.11346462,0.019609222,-0.149089966,9.79592926
64.21395475,0.022303619,-0.130378876,9.796528015
64.31444575,0.023650818,-0.144150238,9.817783813
64.41493575,0.017214203,-0.153430939,9.817334747
64.51542575,0.020956421,-0.131726074,9.834399261
64.61591675,0.03038681,-0.127983856,9.802665253
64.71640675,0.016016693,-0.143850861,9.815688171
64.81689775,0.009280701,-0.145946503,9.810598755
64.91738775,0.022004242,-0.143102417,9.794881439
65.01787775,0.018561401,-0.143701172,9.798773346
65.11836875,0.022153931,-0.128582611,9.793683929
65.218859,0.015567627,-0.134719849,9.80880249
65.319349,0.007634125,-0.140857086,9.817933502
65.41984,0.016166382,-0.136516113,9.805209961
65.52033,0.017363892,-0.131726074,9.813442841
65.620821,0.022602997,-0.148191834,9.80176712
65.721311,0.013172607,-0.144150238,9.806108093
65.821802,0.015118561,-0.14624588,9.798773346
65.922292,0.023501129,-0.14040802,9.81583786
66.022783,0.013771362,-0.143252106,9.804461517
66.123273,0.016465759,-0.137114868,9.814041595
66.22376338,0.016914825,-0.147742767,9.819729767
66.32425338,0.016615448,-0.144898682,9.81464035
66.42474438,0.010328522,-0.141006775,9.802066498
66.52523438,0.023950195,-0.136366425,9.797276459
66.62572538,0.016465759,-0.140108643,9.807155914
66.72621538,0.022303619,-0.141755219,9.795031128
66.82670638,0.024249573,-0.137264557,9.807155914
66.92719638,0.025147705,-0.14504837,9.815688171
67.02768738,0.023201752,-0.135318604,9.818681946
67.12817738,0.024099884,-0.136815491,9.814191284
67.228669,0.007334747,-0.130678253,9.808952179
67.329159,0.029937744,-0.131576386,9.792935486
67.42965,0.015567627,-0.138611755,9.803114319
67.530141,0.026345215,-0.156873779,9.815089417
67.630631,0.015717316,-0.136067047,9.797725525
67.731122,0.018262024,-0.138013001,9.797875214
67.831612,0.017663269,-0.147144013,9.784852295
67.932103,0.020207977,-0.139809265,9.826016693
68.032593,0.017214203,-0.146096191,9.819729767
68.133084,0.015118561,-0.147293701,9.824220428
68.2335745,0.022153931,-0.142503662,9.802665253
68.3340645,0.016316071,-0.143252106,9.805509338
68.4345555,0.02335144,-0.141156464,9.788444824
68.5350455,0.021854553,-0.144449616,9.79592926
68.6355365,0.016166382,-0.139809265,9.800719299
68.7360275,0.019609222,-0.14744339,9.819131012
68.8365175,0.02335144,-0.134869537,9.804611206
68.9370085,0.018112335,-0.147742767,9.823621674
69.0374985,0.024399261,-0.139509888,9.80760498
69.1379895,0.024848328,-0.14160553,9.801467743
69.23848413,0.02335144,-0.136965179,9.786798248
69.33897513,0.017214203,-0.138162689,9.796228638
69.43946513,0.026045837,-0.137713623,9.803413696
69.53995613,0.016316071,-0.138312378,9.803264008
69.64044613,0.024399261,-0.132773895,9.812993774
69.74093713,0.017064514,-0.149389343,9.816436615
69.84142813,0.014669495,-0.137114868,9.822573853
69.94191813,0.016465759,-0.138162689,9.828860779
70.04240913,0.020806732,-0.139360199,9.816586304
70.14289912,0.012274475,-0.136366425,9.820328522
70.24338579,0.015417938,-0.137713623,9.810449066
70.34387579,0.014370117,-0.156275024,9.82407074
70.44436679,0.019609222,-0.141904907,9.82526825
70.54485679,0.016166382,-0.149089966,9.777667236
70.64534679,0.02574646,-0.145347748,9.815688171
70.74583779,0.014370117,-0.144898682,9.80760498
70.84632779,0.016615448,-0.132923584,9.816137238
70.94681879,0.019010468,-0.138312378,9.820927277
71.04730879,0.017363892,-0.141755219,9.810149689
71.14779979,0.011975098,-0.138761444,9.807904358
71.24828975,0.025896149,-0.152981873,9.809550934
71.34878075,0.0199086,-0.143102417,9.786349182
71.44927075,0.019758911,-0.142503662,9.802216187
71.54976075,0.022602997,-0.14624588,9.803713074
71.65025175,0.013172607,-0.142054596,9.800270233
71.75074175,0.033081207,-0.145198059,9.813592529
71.85123175,0.009131012,-0.147593079,9.81119751
71.95172275,0.012274475,-0.136815491,9.809700623
72.05221275,0.024998016,-0.137114868,9.808203735
72.15270438,0.0199086,-0.135168915,9.805659027
72.25319438,0.027692413,-0.132624207,9.794881439
72.35368438,0.015867004,-0.130678253,9.803862762
72.45417438,0.016465759,-0.13457016,9.817185059
72.55466538,0.022602997,-0.135617981,9.817484436
72.65515538,0.01526825,-0.143850861,9.813742218
72.75564538,0.021704865,-0.13921051,9.81
72.85613638,0.023650818,-0.136665802,9.807904358
72.95662638,0.02574646,-0.139958954,9.819729767
73.05711637,0.022602997,-0.149389343,9.814490662
73.15760613,0.017663269,-0.134719849,9.803563385
73.25809712,0.017663269,-0.137713623,9.797276459
73.35858713,0.015118561,-0.14624588,9.815239105
73.45907713,0.020657043,-0.136965179,9.799222412
73.55956713,0.024698639,-0.138761444,9.812245331
73.66005713,0.021704865,-0.139509888,9.803563385
73.76054813,0.015417938,-0.14504837,9.813293152
73.86103813,0.017663269,-0.137414246,9.801617432
73.96152813,0.022453308,-0.146545258,9.803114319
74.06201813,0.021405487,-0.140857086,9.806108093
74.16250813,0.020657043,-0.141156464,9.806257782
74.26299912,0.023950195,-0.140857086,9.80416214
74.36348913,0.018561401,-0.14280304,9.806407471
74.46397913,0.017363892,-0.136965179,9.80176712
74.56446913,0.012424164,-0.136815491,9.803713074
74.66495913,0.023052063,-0.137114868,9.805509338
74.76544912,0.028440857,-0.146096191,9.809550934
74.86593913,0.013172607,-0.141904907,9.794582062
74.96642913,0.017962646,-0.139509888,9.811496887
75.06692013,0.016615448,-0.142653351,9.800868988
75.16741075,0.021704865,-0.139509888,9.813592529
75.26790075,0.020207977,-0.139060822,9.82751358
75.36839075,0.02110611,-0.143252106,9.809401245
75.46888075,0.020058289,-0.149688721,9.816586304
75.56937075,0.021255798,-0.139809265,9.811796265
75.66986075,0.028889923,-0.152682495,9.783505096
75.77035075,0.019160156,-0.149988098,9.796677704
75.87084075,0.028740234,-0.137414246,9.80416214
75.97133075,0.018561401,-0.145347748,9.824220428
76.07182175,0.020058289,-0.144898682,9.822274475
76.17231154,0.019309845,-0.146694946,9.819430389
76.27280154,0.022004242,-0.143850861,9.800419922
76.37329154,0.013621674,-0.13457016,9.7900914
76.47378154,0.016914825,-0.144299927,9.809550934
76.57427154,0.011076965,-0.132624207,9.80296463
76.67476154,0.018860779,-0.142952728,9.802066498
76.77525154,0.020207977,-0.141455841,9.793833618
76.87574154,0.011825409,-0.135617981,9.792935486
76.97623154,0.01751358,-0.142204285,9.80535965
77.07672154,0.018561401,-0.142653351,9.799372101
77.17721188,0.018112335,-0.138312378,9.793983307
77.27770188,0.01287323,-0.145347748,9.79248642
77.37819188,0.025297394,-0.148790588,9.824519806
77.47868187,0.016914825,-0.144748993,9.817783813
77.57917288,0.017064514,-0.148042145,9.808952179
77.67966288,0.017363892,-0.132773895,9.812544708
77.78015288,0.019160156,-0.141156464,9.798923035
77.88064288,0.024998016,-0.13921051,9.799671478
77.98113288,0.020806732,-0.139809265,9.813143463
78.08162288,0.033230896,-0.135019226,9.804611206
78.18211217,0.024698639,-0.14280304,9.82047821
78.28260217,0.015118561,-0.14160553,9.80880249
78.38309217,0.013471985,-0.150736542,9.803413696
78.48358217,0.023052063,-0.138611755,9.807006226
78.58407217,0.023650818,-0.126786346,9.815538483
78.68456317,0.015867004,-0.142353973,9.806257782
78.78505317,0.027243347,-0.141156464,9.81
78.88554317,0.015717316,-0.143401794,9.798923035
78.98603317,0.025896149,-0.145647125,9.792935486
79.08652317,0.025447083,-0.1486409,9.793384552
79.18701313,0.021555176,-0.138611755,9.804910583
79.28750313,0.024998016,-0.136366425,9.791588287
79.38799313,0.017663269,-0.131576386,9.806557159
79.48848313,0.011076965,-0.136815491,9.814041595
79.58897313,0.018411713,-0.138013001,9.81119751
79.68946313,0.01287323,-0.145796814,9.801916809
79.78995313,0.017064514,-0.143252106,9.818532257
79.89044313,0.016914825,-0.133971405,9.807305603
79.99093313,0.018860779,-0.143551483,9.803563385
80.09142313,0.01871109,-0.136067047,9.813442841
80.19191392,0.021555176,-0.142503662,9.797426147
80.29240392,0.02574646,-0.139509888,9.799222412
80.39289392,0.015567627,-0.136516113,9.812544708
80.49338392,0.027243347,-0.13921051,9.81823288
80.59387392,0.019309845,-0.142653351,9.794582062
80.69436392,0.011975098,-0.135019226,9.800569611
80.79485392,0.028440857,-0.132624207,9.79952179
80.89534392,0.022902374,-0.147892456,9.814340973
80.99583392,0.028291168,-0.1287323,9.826765137
81.09632392,0.024249573,-0.14744339,9.826166382
81.19681338,0.020956421,-0.145796814,9.81
81.29730338,0.018262024,-0.13576767,9.809700623
81.39779337,0.01751358,-0.136815491,9.805060272
81.49828338,0.029039612,-0.137114868,9.814191284
81.59877338,0.022153931,-0.146994324,9.798174591
81.69926338,0.019309845,-0.141455841,9.814041595
81.79975338,0.025447083,-0.143252106,9.809401245
81.90024337,0.017214203,-0.144748993,9.805060272
82.00073338,0.016765137,-0.140707398,9.805209961
82.10122338,0.024698639,-0.139360199,9.797725525
82.201714,0.023950195,-0.141306152,9.812095642
82.302204,0.023501129,-0.139659576,9.810299377
82.402694,0.019160156,-0.14280304,9.816436615
82.503184,0.020657043,-0.139809265,9.806108093
82.603674,0.021704865,-0.146844635,9.81464035
82.704163,0.019609222,-0.138013001,9.802814941
82.804653,0.019309845,-0.143252106,9.804760895
82.905143,0.014519806,-0.138162689,9.808353424
83.005633,0.016316071,-0.141156464,9.79832428
83.106123,0.021555176,-0.151335297,9.816586304
83.20661729,0.017962646,-0.136516113,9.809101868
83.30710729,0.01751358,-0.150886231,9.806557159
83.40759729,0.013471985,-0.142952728,9.805659027
83.50808729,0.017363892,-0.138162689,9.815987549
83.60857729,0.019160156,-0.14504837,9.803563385
83.70906729,0.012124786,-0.146096191,9.805808716
83.80955729,0.017812958,-0.139509888,9.80296463
83.91004729,0.023650818,-0.144599304,9.81823288
84.01053729,0.02335144,-0.149389343,9.817634125
84.11102729,0.013471985,-0.14744339,9.802665253
84.21151375,0.018860779,-0.137863312,9.802066498
84.31200375,0.014220428,-0.150437164,9.808203735
84.41249375,0.006586304,-0.139659576,9.805209961
84.51298375,0.017663269,-0.138162689,9.815987549
84.61347375,0.01871109,-0.15911911,9.802066498
84.71396375,0.016316071,-0.145497437,9.797725525
84.81445375,0.025447083,-0.138611755,9.807305603
84.91494375,0.024099884,-0.156724091,9.798623657
85.01543375,0.021704865,-0.142952728,9.81703537
85.11592375,0.0199086,-0.139809265,9.811646576
85.21641304,0.016166382,-0.143401794,9.807305603
85.31690304,0.018860779,-0.141006775,9.804760895
85.41739304,0.013621674,-0.138462067,9.815388794
85.51788304,0.020657043,-0.148191834,9.811945953
85.61837304,0.015567627,-0.137414246,9.813442841
85.71886304,0.018112335,-0.136815491,9.81119751
85.81935304,0.026494904,-0.140707398,9.802665253
85.91984304,0.028291168,-0.139958954,9.814939728
86.02033304,0.019309845,-0.135019226,9.80760498
86.12082304,0.016914825,-0.137563934,9.802814941
86.22131288,0.018411713,-0.136815491,9.799970856
86.32180288,0.01407074,-0.139659576,9.794881439
86.42229288,0.02454895,-0.144898682,9.806856537
86.52278288,0.013771362,-0.13921051,9.807455292
86.62327388,0.016166382,-0.139360199,9.804311829
86.72376388,0.017214203,-0.156724091,9.803713074
86.82425388,0.021854553,-0.144898682,9.814490662
86.92474388,0.017363892,-0.135019226,9.796378326
87.02523387,0.02454895,-0.148491211,9.792037354
87.12572488,0.016914825,-0.146694946,9.798773346
87.22621462,0.013921051,-0.144299927,9.799970856
87.32670463,0.022153931,-0.144748993,9.795480194
87.42719463,0.017663269,-0.132624207,9.805060272
87.52768563,0.022153931,-0.141904907,9.78889389
87.62817563,0.015717316,-0.136665802,9.792636108
87.72866563,0.022602997,-0.135917358,9.80296463
87.82915563,0.02574646,-0.128582611,9.794432373
87.92964663,0.017962646,-0.141306152,9.798623657
88.03013663,0.019309845,-0.141904907,9.788594513
88.13062763,0.013771362,-0.143102417,9.804461517
88.23111867,0.022602997,-0.136665802,9.797875214
88.33160867,0.022752686,-0.139809265,9.792935486
88.43209967,0.018112335,-0.137264557,9.785900116
88.53258967,0.020657043,-0.14040802,9.796528015
88.63307967,0.019459534,-0.147892456,9.786049805
88.73357067,0.014519806,-0.139360199,9.804311829
88.83406067,0.028291168,-0.139360199,9.792785797
88.93455167,0.010178833,-0.132923584,9.806856537
89.03504167,0.019758911,-0.145347748,9.806557159
89.13553267,0.018411713,-0.134869537,9.806257782
89.236023,0.0199086,-0.142503662,9.800120544
89.336513,0.017812958,-0.145198059,9.792785797
89.437004,0.016914825,-0.139958954,9.806407471
89.537494,0.028590546,-0.14624588,9.787846069
89.637985,0.012274475,-0.142503662,9.804760895
89.738476,0.011825409,-0.139659576,9.789792023
89.838966,0.019309845,-0.145946503,9.792336731
89.939457,0.011825409,-0.136965179,9.801617432
90.039948,0.01751358,-0.149539032,9.804311829
90.140439,0.008083191,-0.146096191,9.803713074
90.24093079,0.021704865,-0.140707398,9.800120544
90.34142079,0.023800507,-0.140258331,9.806856537
90.44191179,0.014220428,-0.143401794,9.801168365
90.54240279,0.022902374,-0.134719849,9.803713074
90.64289379,0.018411713,-0.1486409,9.79712677
90.74338479,0.013471985,-0.14744339,9.796078949
90.84387579,0.020357666,-0.142204285,9.79952179
90.94436679,0.019309845,-0.145497437,9.810598755
91.04485679,0.015867004,-0.138312378,9.804611206
91.14534779,0.023201752,-0.151185608,9.797875214
91.245842,0.02335144,-0.151035919,9.808652802
91.346333,0.019309845,-0.149239655,9.808952179
91.446824,0.023052063,-0.139809265,9.796528015
91.547315,0.01407074,-0.14160553,9.804461517
91.647806,0.014669495,-0.137713623,9.812245331
91.748297,0.016914825,-0.142353973,9.795330505
91.848788,0.012124786,-0.144599304,9.790839844
91.94928,0.013022919,-0.142204285,9.792187042
92.049771,0.022004242,-0.147293701,9.78425354
92.150262,0.023800507,-0.140108643,9.808952179
92.25074875,0.016914825,-0.142054596,9.798174591
92.35123975,0.021704865,-0.142952728,9.791438599
92.45173075,0.01526825,-0.137114868,9.802216187
92.55222175,0.01526825,-0.142653351,9.800120544
92.65271275,0.010178833,-0.1486409,9.817783813
92.75320475,0.014819183,-0.139958954,9.799072723
92.85369575,0.026644592,-0.137414246,9.801168365
92.95418675,0.015118561,-0.144898682,9.805509338
93.05467775,0.012573853,-0.135468292,9.798473969
93.15516875,0.021405487,-0.142204285,9.801168365
93.25566392,0.01751358,-0.141755219,9.801916809
93.35615592,0.017214203,-0.145497437,9.795779572
93.45664692,0.006586304,-0.141455841,9.808503113
93.55713792,0.019010468,-0.137563934,9.802365875
93.65762892,0.017064514,-0.144150238,9.809700623
93.75812092,0.019609222,-0.138761444,9.797276459
93.85861192,0.027243347,-0.136665802,9.796228638
93.95910292,0.010328522,-0.143551483,9.805509338
94.05959492,0.018411713,-0.139809265,9.800270233
94.16008592,0.01751358,-0.145198059,9.806856537
94.26057325,0.015567627,-0.138611755,9.805060272
94.36106425,0.014370117,-0.137264557,9.806257782
94.46155625,0.016016693,-0.137414246,9.795031128
94.56204725,0.022004242,-0.146395569,9.828411713
94.66253925,0.016016693,-0.137713623,9.79832428
94.76303025,0.011076965,-0.147144013,9.816137238
94.86352125,0.019309845,-0.142952728,9.79128891
94.96401325,0.017663269,-0.145796814,9.787097626
95.06450425,0.027842102,-0.142204285,9.80176712
95.16499525,0.015867004,-0.144449616,9.798174591
95.2654865,0.024848328,-0.136067047,9.80296463
95.3659775,0.020956421,-0.143102417,9.800719299
95.4664695,0.013172607,-0.14744339,9.789342957
95.5669605,0.029638367,-0.143102417,9.793384552
95.6674525,0.014968872,-0.14744339,9.795180817
95.7679435,0.017962646,-0.141455841,9.792935486
95.8684355,0.020507355,-0.14040802,9.80296463
95.9689265,0.017962646,-0.139360199,9.791737976
96.0694185,0.015867004,-0.144748993,9.800419922
96.1699105,0.01526825,-0.144898682,9.799671478
96.27040262,0.013621674,-0.140258331,9.80176712
96.37089463,0.017363892,-0.140108643,9.796677704
96.47138563,0.017214203,-0.135019226,9.801467743
96.57187762,0.016016693,-0.142503662,9.802515564
96.67236963,0.011975098,-0.140108643,9.801617432
96.77286063,0.014519806,-0.14624588,9.816286926
96.87335262,0.019459534,-0.132773895,9.792037354
96.97384463,0.026045837,-0.141904907,9.788295135
97.07433563,0.01526825,-0.139360199,9.807155914
97.17482763,0.01287323,-0.131726074,9.788744202
97.27531967,0.020806732,-0.14624588,9.797725525
97.37581167,0.020357666,-0.151934052,9.801168365
97.47630267,0.008981323,-0.141156464,9.803713074
97.57679467,0.017363892,-0.140857086,9.799372101
97.67728667,0.018112335,-0.137863312,9.799671478
97.77777867,0.025147705,-0.139060822,9.795031128
97.87826967,0.031734009,-0.139958954,9.806108093
97.97876167,0.023052063,-0.145198059,9.809251556
98.07925367,0.014519806,-0.135168915,9.797575836
98.179746,0.01407074,-0.139360199,9.793983307
98.280238,0.008831635,-0.139659576,9.802216187
98.380729,0.013621674,-0.138611755,9.796827393
98.481221,0.01751358,-0.140707398,9.788444824
98.581713,0.015867004,-0.144599304,9.794282684
98.682205,0.013771362,-0.140857086,9.790839844
98.782697,0.013322296,-0.135917358,9.798024902
98.883189,0.01871109,-0.147144013,9.801018677
98.983681,0.020956421,-0.139809265,9.802665253
99.084172,0.017214203,-0.142353973,9.797725525
99.18466338,0.017663269,-0.136216736,9.801467743
99.28515538,0.012274475,-0.12992981,9.790690155
99.38564738,0.012124786,-0.139060822,9.799671478
99.48613938,0.018411713,-0.146994324,9.795180817
99.58663138,0.020806732,-0.138611755,9.79952179
99.68712337,0.017663269,-0.14624588,9.803413696
99.78761538,0.017363892,-0.135019226,9.803264008
99.88810738,0.018561401,-0.143701172,9.797575836
99.98859837,0.022303619,-0.138611755,9.794881439
100.0890904,0.023950195,-0.147293701,9.795480194
100.189582,0.018262024,-0.133073273,9.784552917
100.290074,0.014669495,-0.130678253,9.79832428
100.390566,0.015567627,-0.149988098,9.802665253
100.491058,0.014519806,-0.146096191,9.803862762
100.59155,0.024998016,-0.143551483,9.815388794
100.692042,0.021555176,-0.142503662,9.814939728
100.792534,0.020806732,-0.141156464,9.808503113
100.893026,0.019459534,-0.135019226,9.793534241
100.993517,0.021704865,-0.149389343,9.798623657
101.094009,0.019010468,-0.138013001,9.785001984
101.1945013,0.011975098,-0.139958954,9.80416214
101.2949933,0.022453308,-0.146096191,9.813442841
101.3954853,0.018112335,-0.143551483,9.798623657
101.4959773,0.029638367,-0.139659576,9.803264008
101.5964693,0.01871109,-0.141755219,9.800120544
101.6969613,0.02110611,-0.148042145,9.798473969
101.7974533,0.013471985,-0.148042145,9.796677704
101.8979453,0.01751358,-0.142204285,9.802665253
101.9984373,0.017962646,-0.14040802,9.804461517
102.0989293,0.024099884,-0.143401794,9.800719299
102.1994219,0.007484436,-0.151634674,9.807006226
102.2999139,0.013621674,-0.133073273,9.799821167
102.4004059,0.017064514,-0.137863312,9.801467743
102.5008979,0.020956421,-0.134270783,9.801467743
102.6013889,0.015118561,-0.142503662,9.812245331
102.7018809,0.024848328,-0.142353973,9.79832428
102.8023729,0.020657043,-0.137713623,9.802515564
102.9028649,0.016316071,-0.13217514,9.796228638
103.0033569,0.010927277,-0.143701172,9.80176712
103.1038489,0.021555176,-0.137114868,9.79952179
103.2043404,0.017214203,-0.139809265,9.785301361
103.3048324,0.027243347,-0.133821716,9.81
103.4053244,0.020657043,-0.149389343,9.810898132
103.5058164,0.020507355,-0.143701172,9.809401245
103.6063084,0.012573853,-0.137114868,9.799222412
103.7068004,0.013022919,-0.14040802,9.810598755
103.8072924,0.018561401,-0.144000549,9.803114319
103.9077844,0.019609222,-0.145347748,9.805659027
104.0082754,0.023052063,-0.14160553,9.808203735
104.1087674,0.0199086,-0.140857086,9.806257782
104.2092635,0.019459534,-0.138611755,9.80176712
104.3097555,0.021555176,-0.148940277,9.798174591
104.4102475,0.021405487,-0.142653351,9.804461517
104.5107395,0.014220428,-0.141904907,9.800270233
104.6112315,0.02454895,-0.140108643,9.811347198
104.7117235,0.028291168,-0.148191834,9.737251282
104.8122155,0.026195526,-0.146994324,9.803413696
104.9127075,0.018411713,-0.142353973,9.805659027
105.0131985,0.021555176,-0.137114868,9.802515564
105.1136905,0.016914825,-0.144000549,9.801318054
105.2141775,0.024848328,-0.138013001,9.792935486
105.3146695,0.023501129,-0.148191834,9.792187042
105.4151615,0.017962646,-0.141455841,9.81119751
105.5156535,0.02574646,-0.137264557,9.801168365
105.6161455,0.022752686,-0.145497437,9.814790039
105.7166365,0.014819183,-0.138162689,9.809401245
105.8171285,0.019309845,-0.145796814,9.810598755
105.9176205,0.022453308,-0.141006775,9.806257782
106.0181125,0.01871109,-0.142503662,9.798623657
106.1186045,0.020507355,-0.138312378,9.804760895
106.219101,0.02574646,-0.142353973,9.806407471
106.319592,0.021704865,-0.139360199,9.799372101
106.420084,0.0199086,-0.143551483,9.799072723
106.520576,0.0199086,-0.14280304,9.802814941
106.621068,0.013771362,-0.137264557,9.804012451
106.72156,0.020956421,-0.133971405,9.81464035
106.822051,0.020207977,-0.140557709,9.800868988
106.922543,0.012573853,-0.142353973,9.817484436
107.023035,0.019309845,-0.149988098,9.795480194
107.123527,0.024698639,-0.144898682,9.811496887
107.2240149,0.017214203,-0.1486409,9.807904358
107.3245059,0.019758911,-0.135917358,9.806407471
107.4249979,0.019758911,-0.151634674,9.792935486
107.5254899,0.015417938,-0.142952728,9.801018677
107.6259819,0.022752686,-0.143102417,9.803563385
107.7264729,0.021405487,-0.144150238,9.804311829
107.8269649,0.014220428,-0.139958954,9.80296463
107.9274569,0.018112335,-0.140557709,9.805060272
108.0279489,0.020956421,-0.145198059,9.811796265
108.1284399,0.023650818,-0.150287476,9.801318054
108.2289362,0.014819183,-0.147892456,9.799222412
108.3294282,0.020207977,-0.144748993,9.810898132
108.4299202,0.024249573,-0.148491211,9.803413696
108.5304112,0.028141479,-0.134719849,9.813442841
108.6309032,0.011825409,-0.146545258,9.80880249
108.7313952,0.016615448,-0.141904907,9.797426147
108.8318862,0.014370117,-0.137114868,9.805958405
108.9323782,0.02110611,-0.149838409,9.816286926
109.0328702,0.019459534,-0.143401794,9.805060272
109.1333622,0.019010468,-0.131875763,9.808952179
109.2338493,0.02454895,-0.138611755,9.797276459
109.3343413,0.012573853,-0.138761444,9.81239502
109.4348333,0.025896149,-0.132923584,9.813891907
109.5353243,0.016016693,-0.135168915,9.811347198
109.6358163,0.021255798,-0.141755219,9.807155914
109.7363083,0.01871109,-0.142952728,9.816436615
109.8367993,0.022902374,-0.141455841,9.803862762
109.9372913,0.027542725,-0.138462067,9.809101868
110.0377823,0.021555176,-0.145198059,9.80535965
110.1382743,0.022453308,-0.139659576,9.795779572
110.238766,0.018561401,-0.148940277,9.797575836
110.339257,0.015717316,-0.144599304,9.792187042
110.439749,0.014519806,-0.137264557,9.806557159
110.54024,0.029638367,-0.15328125,9.812694397
110.640732,0.013621674,-0.134719849,9.803264008
110.741224,0.020507355,-0.145946503,9.81703537
110.841715,0.019010468,-0.156125336,9.803264008
110.942207,0.023201752,-0.140108643,9.809251556
111.042698,0.020357666,-0.134869537,9.813891907
111.14319,0.013771362,-0.145647125,9.812245331
111.2436848,0.023052063,-0.141755219,9.811496887
111.3441768,0.016465759,-0.141306152,9.805060272
111.4446688,0.023800507,-0.136216736,9.807754669
111.5451598,0.021255798,-0.142204285,9.812095642
111.6456518,0.013322296,-0.141755219,9.804012451
111.7461428,0.017663269,-0.144299927,9.799222412
111.8466348,0.020207977,-0.141755219,9.80176712
111.9471258,0.03742218,-0.148191834,9.793085175
112.0476178,0.014819183,-0.140857086,9.823471985
112.1481087,0.022602997,-0.144150238,9.805060272
112.2485972,0.031434631,-0.139659576,9.817634125
112.3490882,0.022752686,-0.141006775,9.819131012
112.4495802,0.011825409,-0.148191834,9.813891907
112.5500712,0.013921051,-0.139509888,9.810149689
112.6505622,0.025147705,-0.143701172,9.805808716
112.7510542,0.018561401,-0.154778137,9.799222412
112.8515452,0.014819183,-0.142204285,9.798923035
112.9520372,0.023052063,-0.162262573,9.795180817
113.0525282,0.025896149,-0.142204285,9.80760498
113.1530202,0.02574646,-0.14504837,9.810898132
113.2535112,0.02454895,-0.146545258,9.814790039
113.3540032,0.024998016,-0.133222961,9.814790039
113.4544942,0.015867004,-0.15328125,9.800419922
113.5549852,0.020058289,-0.144748993,9.82047821
113.6554772,0.024998016,-0.149389343,9.792636108
113.7559682,0.028590546,-0.135318604,9.780211945
113.8564602,0.030087433,-0.138761444,9.800719299
113.9569512,0.011226654,-0.154778137,9.783205719
114.0574422,0.016615448,-0.138013001,9.800719299
114.1579342,0.021255798,-0.143551483,9.800419922
114.2584254,0.023950195,-0.138013001,9.800120544
114.3589174,0.011226654,-0.135019226,9.798623657
114.4594084,0.028141479,-0.139509888,9.813592529
114.5598994,0.015717316,-0.144599304,9.813592529
114.6603914,0.012424164,-0.137563934,9.807006226
114.7608824,0.021704865,-0.148341522,9.801617432
114.8613734,0.019010468,-0.149838409,9.818532257
114.9618654,0.027393036,-0.137264557,9.810748444
115.0623564,0.021854553,-0.139509888,9.787846069
115.1628484,0.03038681,-0.152682495,9.818681946
115.263339,0.018112335,-0.132474518,9.802665253
115.36383,0.018411713,-0.139958954,9.799372101
115.464322,0.022902374,-0.144599304,9.80880249
115.564813,0.023052063,-0.152383118,9.809251556
115.665304,0.016914825,-0.142952728,9.807754669
115.765796,0.029189301,-0.138162689,9.801318054
115.866287,0.011975098,-0.137414246,9.812993774
115.966778,0.028590546,-0.147593079,9.812844086
116.06727,0.017363892,-0.148940277,9.816436615
116.167761,0.019758911,-0.147742767,9.81119751
116.268252,0.017064514,-0.143551483,9.806557159
116.368744,0.010029144,-0.141306152,9.796078949
116.469235,0.017363892,-0.141904907,9.799821167
116.569726,0.019609222,-0.143401794,9.802515564
116.670218,0.018561401,-0.151335297,9.807305603
116.770709,0.010328522,-0.139509888,9.801168365
116.8712,0.023501129,-0.146994324,9.803413696
116.971692,0.020357666,-0.14504837,9.798174591
117.072183,0.015118561,-0.143701172,9.814191284
117.172674,0.01871109,-0.148341522,9.809550934
117.2731661,0.017363892,-0.145946503,9.805060272
117.3736571,0.022902374,-0.14504837,9.811347198
117.4741491,0.020058289,-0.139809265,9.800719299
117.5746401,0.023501129,-0.145497437,9.799222412
117.6751311,0.016465759,-0.136366425,9.798024902
117.7756231,0.028141479,-0.135019226,9.796677704
117.8761141,0.020507355,-0.150137787,9.786947937
117.9766061,0.024099884,-0.145946503,9.806557159
118.0770971,0.023650818,-0.140258331,9.806257782
118.1775881,0.02335144,-0.147742767,9.810449066
118.2780799,0.017962646,-0.147144013,9.805659027
118.3785709,0.020357666,-0.142952728,9.798923035
118.4790629,0.018561401,-0.143701172,9.810598755
118.5795539,0.018411713,-0.141156464,9.81703537
118.6800459,0.014370117,-0.14280304,9.799970856
118.7805369,0.026345215,-0.137264557,9.800120544
118.8810289,0.016765137,-0.141755219,9.801318054
118.9815199,0.025896149,-0.148191834,9.795779572
119.0820109,0.017663269,-0.148042145,9.807006226
119.1825029,0.021555176,-0.139809265,9.812095642
119.2829942,0.027991791,-0.146844635,9.801318054
119.3834862,0.024848328,-0.142204285,9.794132996
119.4839772,0.01751358,-0.156424713,9.807305603
119.5844692,0.019160156,-0.13457016,9.810299377
119.6849602,0.02694397,-0.14504837,9.801916809
119.7854522,0.02110611,-0.152532806,9.804461517
119.8859432,0.020357666,-0.147593079,9.789043579
119.9864352,0.025447083,-0.141006775,9.791588287
