"Time (s)","X (m/s^2)","Y (m/s^2)","Z (m/s^2)"
0.000000000E0,1.905537415E-1,-7.125183105E-2,9.809550934E0
1.004900000E-1,2.038760376E-1,-6.466552734E-2,9.806706848E0
2.009800000E-1,1.776805115E-1,-7.214996338E-2,9.804910583E0
3.014700000E-1,1.893562317E-1,-6.391708374E-2,9.814790039E0
4.019600000E-1,1.869612122E-1,-7.259902954E-2,9.791288910E0
5.024500000E-1,1.893562317E-1,-7.604187012E-2,9.808054047E0
6.029387500E-1,1.874102783E-1,-7.065307617E-2,9.812993774E0
7.034287500E-1,2.019300842E-1,-5.912704468E-2,9.799222412E0
8.039187500E-1,1.998344421E-1,-8.711883545E-2,9.812095642E0
9.044087500E-1,1.854643250E-1,-6.361770630E-2,9.797875214E0
1.004898750E0,1.863624573E-1,-6.436614990E-2,9.773775330E0
1.105388750E0,2.053729248E-1,-7.873626709E-2,9.791139221E0
1.205878750E0,1.815724182E-1,-6.047424316E-2,9.775272217E0
1.306368750E0,1.941462708E-1,-7.334747314E-2,9.815837860E0
1.406858750E0,1.818717957E-1,-6.691085815E-2,9.812245331E0
1.507348750E0,1.930984497E-1,-6.541397095E-2,9.808503113E0
1.607839125E0,1.812730408E-1,-7.170089722E-2,9.789941711E0
1.708329125E0,1.987866211E-1,-7.244934082E-2,9.790540466E0
1.808818125E0,1.907034302E-1,-7.738906860E-2,9.811347198E0
1.909308125E0,1.972897339E-1,-7.050338745E-2,9.805659027E0
2.009798125E0,1.911524963E-1,-6.301895142E-2,9.799222412E0
2.110288125E0,1.835183716E-1,-6.975494385E-2,9.805509338E0
2.210778125E0,1.847158813E-1,-7.155120850E-2,9.805209961E0
2.311268125E0,1.901046753E-1,-6.721023560E-2,9.805509338E0
2.411758125E0,1.926493835E-1,-7.664062500E-2,9.799821167E0
2.512247125E0,1.995350647E-1,-6.002517700E-2,9.802365875E0
2.612740917E0,1.877096558E-1,-7.499404907E-2,9.808353424E0
2.713230917E0,1.887574768E-1,-7.065307617E-2,9.811197510E0
2.813720917E0,1.908531189E-1,-6.930587769E-2,9.800270233E0
2.914210917E0,1.942959595E-1,-7.544311523E-2,9.803862762E0
3.014699917E0,1.832189941E-1,-7.274871826E-2,9.823322296E0
3.115189917E0,1.923500061E-1,-7.334747314E-2,9.809401245E0
3.215679917E0,1.877096558E-1,-6.646179199E-2,9.802964630E0
3.316169917E0,1.881587219E-1,-6.571334839E-2,9.811347198E0
3.416659917E0,1.839674377E-1,-6.945556641E-2,9.805509338E0
3.517148917E0,1.969903564E-1,-7.559280396E-2,9.798174591E0
3.617635917E0,1.749861145E-1,-6.286926270E-2,9.817634125E0
3.718125917E0,1.974394226E-1,-7.484436035E-2,9.808952179E0
3.818614917E0,1.817221069E-1,-7.035369873E-2,9.811796265E0
3.919104917E0,1.881587219E-1,-6.137237549E-2,9.791139221E0
4.019594917E0,1.911524963E-1,-7.005432129E-2,9.777218170E0
4.120083917E0,1.881587219E-1,-6.900650024E-2,9.790091400E0
4.220573917E0,1.969903564E-1,-6.601272583E-2,9.815688171E0
4.321063917E0,1.869612122E-1,-5.089416504E-2,9.798324280E0
4.421552917E0,1.920506287E-1,-8.277786255E-2,9.811197510E0
4.522042917E0,1.969903564E-1,-6.481521606E-2,9.801018677E0
4.622532625E0,1.851649475E-1,-6.271957397E-2,9.797875214E0
4.723021625E0,1.848655701E-1,-6.945556641E-2,9.805659027E0
4.823511625E0,2.055226135E-1,-6.855743408E-2,9.784103851E0
4.924001625E0,1.869612122E-1,-6.436614990E-2,9.795031128E0
5.024490625E0,1.805245972E-1,-6.406677246E-2,9.797575836E0
5.124980625E0,2.028282166E-1,-8.457412720E-2,9.828711090E0
5.225469625E0,1.911524963E-1,-6.691085815E-2,9.796078949E0
5.325959625E0,1.896556091E-1,-7.469467163E-2,9.816586304E0
5.426448625E0,2.019300842E-1,-7.708969116E-2,9.806407471E0
5.526938625E0,1.905537415E-1,-6.646179199E-2,9.791588287E0
5.627427667E0,1.853146362E-1,-6.286926270E-2,9.781110077E0
5.727917667E0,1.945953369E-1,-6.900650024E-2,9.787696381E0
5.828407667E0,1.916015625E-1,-6.331832886E-2,9.812993774E0
5.928896667E0,1.850152588E-1,-7.289840698E-2,9.801018677E0
6.029386667E0,1.917512512E-1,-6.900650024E-2,9.802964630E0
6.129875667E0,1.884580994E-1,-6.391708374E-2,9.799072723E0
6.230365667E0,1.914518738E-1,-7.544311523E-2,9.800868988E0
6.330854667E0,1.836680603E-1,-6.421646118E-2,9.793085175E0
6.431344667E0,1.936972046E-1,-5.972579956E-2,9.801318054E0
6.531833667E0,1.923500061E-1,-7.454498291E-2,9.813891907E0
6.632326625E0,1.857637024E-1,-7.559280396E-2,9.810449066E0
6.732815625E0,1.948947144E-1,-7.080276489E-2,9.809550934E0
6.833305625E0,1.951940918E-1,-7.140151978E-2,9.799671478E0
6.933794625E0,1.851649475E-1,-7.753875732E-2,9.777816925E0
7.034283625E0,1.963916016E-1,-6.137237549E-2,9.804162140E0
7.134773625E0,1.947450256E-1,-7.170089722E-2,9.814340973E0
7.235262625E0,1.764830017E-1,-7.050338745E-2,9.817185059E0
7.335752625E0,1.902543640E-1,-6.616241455E-2,9.812544708E0
7.436241625E0,1.880090332E-1,-7.035369873E-2,9.798923035E0
7.536731625E0,1.833686829E-1,-6.466552734E-2,9.813442841E0
7.637216875E0,1.832189941E-1,-6.900650024E-2,9.799521790E0
7.737706875E0,1.960922241E-1,-6.227050781E-2,9.787696381E0
7.838195875E0,1.905537415E-1,-6.541397095E-2,9.787696381E0
7.938684875E0,1.880090332E-1,-6.451583862E-2,9.793833618E0
8.039174875E0,1.875599670E-1,-6.735992432E-2,9.788295135E0
8.139663875E0,1.963916016E-1,-6.855743408E-2,9.786498871E0
8.240153875E0,1.951940918E-1,-6.765930176E-2,9.791139221E0
8.340642875E0,1.883084106E-1,-6.616241455E-2,9.820927277E0
8.441132875E0,1.898052979E-1,-6.286926270E-2,9.812095642E0
8.541621875E0,1.878593445E-1,-7.035369873E-2,9.815987549E0
8.642111125E0,1.856140137E-1,-5.897735596E-2,9.807604980E0
8.742601125E0,1.948947144E-1,-7.170089722E-2,9.807305603E0
8.843090125E0,1.869612122E-1,-7.110214233E-2,9.799072723E0
8.943580125E0,1.799258423E-1,-5.822891235E-2,9.795779572E0
9.044069125E0,1.917512512E-1,-6.765930176E-2,9.799372101E0
9.144558125E0,1.884580994E-1,-6.721023560E-2,9.806257782E0
9.245048125E0,1.850152588E-1,-6.601272583E-2,9.803862762E0
9.345537125E0,1.922003174E-1,-7.843688965E-2,9.808203735E0
9.446026125E0,1.945953369E-1,-7.200027466E-2,9.814640350E0
9.546516250E0,1.913021851E-1,-7.035369873E-2,9.795031128E0
9.647005250E0,1.927990723E-1,-6.092330933E-2,9.812095642E0
9.747494250E0,1.995350647E-1,-6.271957397E-2,9.789342957E0
9.847984250E0,1.799258423E-1,-6.765930176E-2,9.792037354E0
9.948473250E0,1.950444031E-1,-6.616241455E-2,9.805958405E0
1.004896225E1,1.974394226E-1,-6.795867920E-2,9.815089417E0
1.014945125E1,1.944456482E-1,-7.394622803E-2,9.806257782E0
1.024994125E1,1.968406677E-1,-6.242019653E-2,9.817484436E0
1.035043025E1,1.838177490E-1,-6.511459351E-2,9.811496887E0
1.045091925E1,1.836680603E-1,-6.631210327E-2,9.802066498E0
1.055140850E1,1.951940918E-1,-6.721023560E-2,9.805659027E0
1.065189850E1,1.878593445E-1,-7.259902954E-2,9.806706848E0
1.075238750E1,1.878593445E-1,-7.050338745E-2,9.809700623E0
1.085287650E1,1.914518738E-1,-7.050338745E-2,9.801767120E0
1.095336550E1,1.854643250E-1,-6.541397095E-2,9.801168365E0
1.105385450E1,1.998344421E-1,-6.960525513E-2,9.802665253E0
1.115434450E1,1.956431580E-1,-7.140151978E-2,9.800120544E0
1.125483350E1,1.853146362E-1,-6.466552734E-2,9.804910583E0
1.135532250E1,1.942959595E-1,-7.783813477E-2,9.804910583E0
1.145581150E1,1.966909790E-1,-8.397537231E-2,9.814340973E0
1.155630088E1,1.799258423E-1,-6.077362061E-2,9.816735992E0
1.165678988E1,1.899549866E-1,-6.436614990E-2,9.810000000E0
1.175727888E1,1.914518738E-1,-6.870712280E-2,9.803114319E0
1.185776887E1,1.948947144E-1,-8.113128662E-2,9.804012451E0
1.195825787E1,1.941462708E-1,-6.526428223E-2,9.801767120E0
1.205874688E1,1.872605896E-1,-6.361770630E-2,9.800868988E0
1.215923588E1,1.950444031E-1,-7.364685059E-2,9.785301361E0
1.225972488E1,1.854643250E-1,-7.065307617E-2,9.808203735E0
1.236021388E1,1.968406677E-1,-7.214996338E-2,9.802964630E0
1.246070288E1,1.939965820E-1,-7.559280396E-2,9.806856537E0
1.256119092E1,1.939965820E-1,-7.364685059E-2,9.822274475E0
1.266167992E1,1.857637024E-1,-6.571334839E-2,9.817484436E0
1.276216892E1,1.922003174E-1,-6.646179199E-2,9.803264008E0
1.286265792E1,1.838177490E-1,-7.753875732E-2,9.810598755E0
1.296314692E1,1.890568542E-1,-6.990463257E-2,9.800120544E0
1.306363592E1,1.972897339E-1,-7.409591675E-2,9.800719299E0
1.316412492E1,1.799258423E-1,-6.541397095E-2,9.801318054E0
1.326461392E1,1.863624573E-1,-6.256988525E-2,9.807006226E0
1.336510292E1,1.992356873E-1,-7.484436035E-2,9.797126770E0
1.346559192E1,1.919009399E-1,-7.334747314E-2,9.803862762E0
1.356608100E1,1.856140137E-1,-6.810836792E-2,9.813143463E0
1.366657000E1,1.887574768E-1,-7.694000244E-2,9.807754669E0
1.376705900E1,1.865121460E-1,-6.810836792E-2,9.806108093E0
1.386754800E1,1.887574768E-1,-7.379653931E-2,9.799372101E0
1.396803700E1,1.956431580E-1,-7.304809570E-2,9.806407471E0
1.406852600E1,1.784289551E-1,-7.050338745E-2,9.807455292E0
1.416901500E1,1.950444031E-1,-6.361770630E-2,9.802515564E0
1.426950400E1,1.959425354E-1,-6.765930176E-2,9.804162140E0
1.436999300E1,1.910028076E-1,-7.170089722E-2,9.804461517E0
1.447048200E1,1.950444031E-1,-7.050338745E-2,9.797575836E0
1.457097150E1,1.932481384E-1,-7.065307617E-2,9.810598755E0
1.467146050E1,1.845661926E-1,-7.409591675E-2,9.797426147E0
1.477194950E1,1.986369324E-1,-7.514373779E-2,9.790241089E0
1.487243850E1,1.818717957E-1,-7.080276489E-2,9.801467743E0
1.497292750E1,1.869612122E-1,-6.451583862E-2,9.811496887E0
1.507341650E1,1.830693054E-1,-6.945556641E-2,9.802515564E0
1.517390550E1,1.863624573E-1,-6.810836792E-2,9.806257782E0
1.527439450E1,2.023791504E-1,-7.035369873E-2,9.791288910E0
1.537488250E1,1.950444031E-1,-7.185058594E-2,9.807604980E0
1.547537150E1,1.848655701E-1,-6.810836792E-2,9.815388794E0
1.557586000E1,1.896556091E-1,-6.661148071E-2,9.803413696E0
1.567634900E1,1.950444031E-1,-6.286926270E-2,9.808503113E0
1.577683800E1,1.892065430E-1,-6.855743408E-2,9.809700623E0
1.587732700E1,1.860630798E-1,-6.930587769E-2,9.803713074E0
1.597781600E1,1.944456482E-1,-6.870712280E-2,9.793085175E0
1.607830500E1,1.815724182E-1,-6.750961304E-2,9.795330505E0
1.617879300E1,1.833686829E-1,-7.080276489E-2,9.800120544E0
1.627928200E1,1.926493835E-1,-6.556365967E-2,9.814191284E0
1.637977100E1,1.892065430E-1,-7.484436035E-2,9.800270233E0
1.648026000E1,1.847158813E-1,-6.242019653E-2,9.803713074E0
1.658074992E1,1.910028076E-1,-6.271957397E-2,9.812993774E0
1.668123892E1,1.896556091E-1,-7.499404907E-2,9.811047821E0
1.678172692E1,1.830693054E-1,-5.852828979E-2,9.804760895E0
1.688221592E1,1.793270874E-1,-6.107299805E-2,9.810748444E0
1.698270492E1,1.932481384E-1,-8.322692871E-2,9.796078949E0
1.708319392E1,1.859133911E-1,-7.708969116E-2,9.811197510E0
1.718368292E1,1.836680603E-1,-7.035369873E-2,9.810449066E0
1.728417092E1,1.874102783E-1,-6.885681152E-2,9.800719299E0
1.738465992E1,1.881587219E-1,-6.571334839E-2,9.801318054E0
1.748514892E1,1.999841309E-1,-7.873626709E-2,9.805060272E0
1.758563700E1,1.963916016E-1,-6.855743408E-2,9.812395020E0
1.768612500E1,1.927990723E-1,-6.316864014E-2,9.808353424E0
1.778661400E1,1.974394226E-1,-7.858657837E-2,9.814191284E0
1.788710300E1,1.939965820E-1,-7.065307617E-2,9.809251556E0
1.798759100E1,1.872605896E-1,-7.200027466E-2,9.802964630E0
1.808808000E1,1.851649475E-1,-7.125183105E-2,9.811496887E0
1.818856900E1,1.923500061E-1,-6.721023560E-2,9.801318054E0
1.828905800E1,1.959425354E-1,-6.601272583E-2,9.802515564E0
1.838954600E1,1.889071655E-1,-6.885681152E-2,9.800569611E0
1.849003500E1,1.847158813E-1,-6.706054688E-2,9.817035370E0
1.859052425E1,1.950444031E-1,-7.080276489E-2,9.812993774E0
1.869101225E1,1.898052979E-1,-6.765930176E-2,9.809401245E0
1.879150125E1,1.754351807E-1,-7.798782349E-2,9.799372101E0
1.889199025E1,1.841171265E-1,-6.376739502E-2,9.806108093E0
1.899247825E1,1.889071655E-1,-7.918533325E-2,9.805509338E0
1.909296725E1,1.886077881E-1,-7.035369873E-2,9.807455292E0
1.919345525E1,1.926493835E-1,-7.080276489E-2,9.812095642E0
1.929394425E1,1.905537415E-1,-7.065307617E-2,9.815837860E0
1.939443325E1,1.847158813E-1,-7.454498291E-2,9.802814941E0
1.949492125E1,1.841171265E-1,-8.038284302E-2,9.808652802E0
1.959541000E1,1.938468933E-1,-7.229965210E-2,9.810000000E0
1.969589800E1,1.892065430E-1,-6.391708374E-2,9.799072723E0
1.979638700E1,1.930984497E-1,-6.526428223E-2,9.810748444E0
1.989687600E1,1.880090332E-1,-6.945556641E-2,9.795929260E0
1.999736400E1,1.917512512E-1,-6.915618896E-2,9.797426147E0
2.009785300E1,1.889071655E-1,-6.930587769E-2,9.803114319E0
2.019834100E1,1.930984497E-1,-6.661148071E-2,9.804012451E0
2.029883000E1,1.962419128E-1,-6.541397095E-2,9.815688171E0
2.039931800E1,1.805245972E-1,-7.259902954E-2,9.816436615E0
2.049980700E1,2.029779053E-1,-7.364685059E-2,9.802066498E0
2.060029529E1,1.989363098E-1,-6.286926270E-2,9.797426147E0
2.070078429E1,1.853146362E-1,-7.005432129E-2,9.808802490E0
2.080127329E1,1.901046753E-1,-7.574249268E-2,9.803114319E0
2.090176129E1,1.966909790E-1,-6.975494385E-2,9.807904358E0
2.100225029E1,1.791773987E-1,-6.032455444E-2,9.802515564E0
2.110273829E1,1.896556091E-1,-6.421646118E-2,9.806108093E0
2.120322729E1,1.866618347E-1,-6.900650024E-2,9.808203735E0
2.130371529E1,1.922003174E-1,-7.319778442E-2,9.810598755E0
2.140420429E1,1.871109009E-1,-6.092330933E-2,9.810299377E0
2.150469229E1,1.972897339E-1,-5.852828979E-2,9.804162140E0
2.160517988E1,1.902543640E-1,-6.571334839E-2,9.810000000E0
2.170566888E1,1.820214844E-1,-6.706054688E-2,9.793234863E0
2.180615688E1,1.971400452E-1,-6.646179199E-2,9.799821167E0
2.190664588E1,1.865121460E-1,-6.975494385E-2,9.796528015E0
2.200713388E1,1.919009399E-1,-6.391708374E-2,9.808952179E0
2.210762288E1,1.872605896E-1,-6.526428223E-2,9.810449066E0
2.220811088E1,1.974394226E-1,-6.511459351E-2,9.808652802E0
2.230859988E1,1.880090332E-1,-7.080276489E-2,9.807754669E0
2.240908788E1,1.812730408E-1,-5.523513794E-2,9.812395020E0
2.250957588E1,1.914518738E-1,-7.170089722E-2,9.804760895E0
2.261006967E1,1.823208618E-1,-7.394622803E-2,9.808054047E0
2.271055767E1,1.916015625E-1,-7.005432129E-2,9.797875214E0
2.281104667E1,1.904040527E-1,-7.409591675E-2,9.807155914E0
2.291153467E1,1.923500061E-1,-6.810836792E-2,9.807455292E0
2.301202267E1,1.899549866E-1,-7.379653931E-2,9.808652802E0
2.311251167E1,1.969903564E-1,-6.122268677E-2,9.803114319E0
2.321299967E1,1.960922241E-1,-6.256988525E-2,9.796977081E0
2.331348767E1,1.950444031E-1,-8.068222046E-2,9.810299377E0
2.341397667E1,1.905537415E-1,-6.631210327E-2,9.799072723E0
2.351446467E1,1.951940918E-1,-6.406677246E-2,9.790989532E0
2.361494875E1,1.914518738E-1,-7.200027466E-2,9.791887665E0
2.371543775E1,1.878593445E-1,-7.319778442E-2,9.814340973E0
2.381592575E1,1.944456482E-1,-6.750961304E-2,9.801018677E0
2.391641375E1,1.932481384E-1,-6.077362061E-2,9.808503113E0
2.401690275E1,1.880090332E-1,-6.930587769E-2,9.812095642E0
2.411739075E1,1.945953369E-1,-6.511459351E-2,9.799521790E0
2.421787875E1,1.878593445E-1,-6.735992432E-2,9.817334747E0
2.431836775E1,1.969903564E-1,-7.888595581E-2,9.803862762E0
2.441885575E1,1.935475159E-1,-6.616241455E-2,9.805509338E0
2.451934375E1,1.842668152E-1,-6.990463257E-2,9.799821167E0
2.461983800E1,1.910028076E-1,-6.780899048E-2,9.795330505E0
2.472032600E1,1.895059204E-1,-7.080276489E-2,9.800569611E0
2.482081400E1,1.905537415E-1,-6.795867920E-2,9.803413696E0
2.492130200E1,1.836680603E-1,-6.706054688E-2,9.816885681E0
2.502179100E1,1.859133911E-1,-6.825805664E-2,9.814191284E0
2.512227900E1,1.881587219E-1,-5.733078003E-2,9.810598755E0
2.522276700E1,1.948947144E-1,-6.676116943E-2,9.823471985E0
2.532325500E1,1.812730408E-1,-7.679031372E-2,9.817933502E0
2.542374400E1,1.892065430E-1,-6.541397095E-2,9.808203735E0
2.552423200E1,1.926493835E-1,-6.721023560E-2,9.817035370E0
2.562471450E1,1.796264648E-1,-7.155120850E-2,9.815688171E0
2.572520250E1,1.884580994E-1,-6.930587769E-2,9.797725525E0
2.582569150E1,1.944456482E-1,-7.050338745E-2,9.804910583E0
2.592617950E1,1.848655701E-1,-7.304809570E-2,9.808503113E0
2.602666750E1,1.971400452E-1,-7.349716187E-2,9.814041595E0
2.612715550E1,1.838177490E-1,-6.556365967E-2,9.807754669E0
2.622764350E1,1.856140137E-1,-5.807922363E-2,9.808802490E0
2.632813250E1,1.905537415E-1,-7.798782349E-2,9.802515564E0
2.642862050E1,1.854643250E-1,-7.304809570E-2,9.799821167E0
2.652910850E1,1.871109009E-1,-6.900650024E-2,9.806407471E0
2.662959650E1,1.941462708E-1,-6.960525513E-2,9.811197510E0
2.673008450E1,1.917512512E-1,-6.152206421E-2,9.809700623E0
2.683057250E1,1.841171265E-1,-7.738906860E-2,9.811646576E0
2.693106150E1,1.868115234E-1,-7.409591675E-2,9.811945953E0
2.703154950E1,1.898052979E-1,-6.631210327E-2,9.808203735E0
2.713203750E1,1.930984497E-1,-6.556365967E-2,9.805509338E0
2.723252550E1,1.820214844E-1,-7.035369873E-2,9.810299377E0
2.733301350E1,1.877096558E-1,-6.750961304E-2,9.816885681E0
2.743350150E1,1.938468933E-1,-7.589218140E-2,9.795330505E0
2.753398950E1,1.917512512E-1,-6.092330933E-2,9.802216187E0
2.763448150E1,1.956431580E-1,-7.694000244E-2,9.802515564E0
2.773496950E1,1.860630798E-1,-7.394622803E-2,9.801916809E0
2.783545850E1,1.836680603E-1,-7.125183105E-2,9.812993774E0
2.793594650E1,1.930984497E-1,-7.214996338E-2,9.813891907E0
2.803643450E1,1.788780212E-1,-6.855743408E-2,9.802964630E0
2.813692250E1,1.905537415E-1,-7.334747314E-2,9.810000000E0
2.823741050E1,1.936972046E-1,-7.155120850E-2,9.805060272E0
2.833789850E1,1.896556091E-1,-6.601272583E-2,9.814939728E0
2.843838650E1,1.760339355E-1,-6.691085815E-2,9.812095642E0
2.853887450E1,1.910028076E-1,-6.361770630E-2,9.801916809E0
2.863935829E1,2.040257263E-1,-6.601272583E-2,9.804012451E0
2.873984629E1,1.893562317E-1,-7.200027466E-2,9.813891907E0
2.884033429E1,1.901046753E-1,-7.544311523E-2,9.806257782E0
2.894082229E1,2.026785278E-1,-6.436614990E-2,9.802814941E0
2.904131029E1,1.896556091E-1,-7.753875732E-2,9.804910583E0
2.914179829E1,1.883084106E-1,-7.484436035E-2,9.808353424E0
2.924228629E1,1.851649475E-1,-6.646179199E-2,9.804910583E0
2.934277429E1,1.892065430E-1,-7.259902954E-2,9.814939728E0
2.944326229E1,1.911524963E-1,-6.945556641E-2,9.810748444E0
2.954375029E1,1.907034302E-1,-6.706054688E-2,9.807904358E0
2.964423763E1,1.911524963E-1,-6.346801758E-2,9.808054047E0
2.974472563E1,1.902543640E-1,-7.095245361E-2,9.810299377E0
2.984521362E1,1.898052979E-1,-7.229965210E-2,9.810000000E0
2.994570162E1,1.902543640E-1,-6.271957397E-2,9.797575836E0
3.004618963E1,1.851649475E-1,-7.304809570E-2,9.805958405E0
3.014667763E1,1.929487610E-1,-6.750961304E-2,9.814939728E0
3.024716563E1,2.005828857E-1,-7.559280396E-2,9.815089417E0
3.034765363E1,1.945953369E-1,-6.616241455E-2,9.816735992E0
3.044814163E1,1.922003174E-1,-7.110214233E-2,9.807155914E0
3.054862963E1,1.862127686E-1,-6.556365967E-2,9.804760895E0
3.064911825E1,1.890568542E-1,-7.319778442E-2,9.804311829E0
3.074960625E1,1.907034302E-1,-6.721023560E-2,9.812544708E0
3.085009425E1,1.904040527E-1,-6.361770630E-2,9.809850311E0
3.095058225E1,1.860630798E-1,-6.810836792E-2,9.806407471E0
3.105107025E1,1.818717957E-1,-7.379653931E-2,9.806557159E0
3.115155725E1,1.922003174E-1,-7.723937988E-2,9.826316071E0
3.125204525E1,1.842668152E-1,-6.466552734E-2,9.803713074E0
3.135253325E1,1.857637024E-1,-7.214996338E-2,9.802365875E0
3.145302125E1,1.947450256E-1,-7.050338745E-2,9.810898132E0
3.155350925E1,1.935475159E-1,-7.664062500E-2,9.804311829E0
3.165399762E1,1.902543640E-1,-7.319778442E-2,9.802515564E0
3.175448563E1,1.883084106E-1,-6.571334839E-2,9.820328522E0
3.185497363E1,1.913021851E-1,-7.738906860E-2,9.811945953E0
3.195546163E1,1.907034302E-1,-7.679031372E-2,9.812544708E0
3.205594862E1,1.865121460E-1,-6.855743408E-2,9.813891907E0
3.215643662E1,1.811233521E-1,-7.409591675E-2,9.796378326E0
3.225692462E1,1.853146362E-1,-6.765930176E-2,9.793384552E0
3.235741263E1,1.829196167E-1,-7.304809570E-2,9.800120544E0
3.245790063E1,1.880090332E-1,-6.197113037E-2,9.821076965E0
3.255838863E1,1.793270874E-1,-6.721023560E-2,9.807006226E0
3.265887688E1,1.812730408E-1,-7.289840698E-2,9.805209961E0
3.275936387E1,1.944456482E-1,-5.807922363E-2,9.805958405E0
3.285985187E1,1.896556091E-1,-7.319778442E-2,9.800120544E0
3.296033988E1,1.845661926E-1,-6.227050781E-2,9.798473969E0
3.306082788E1,1.890568542E-1,-7.349716187E-2,9.818232880E0
3.316131588E1,1.839674377E-1,-6.945556641E-2,9.808952179E0
3.326180388E1,1.799258423E-1,-6.960525513E-2,9.807904358E0
3.336229087E1,1.924996948E-1,-7.155120850E-2,9.810598755E0
3.346277887E1,1.968406677E-1,-7.664062500E-2,9.812993774E0
3.356326688E1,1.886077881E-1,-7.155120850E-2,9.802964630E0
3.366375367E1,1.920506287E-1,-7.050338745E-2,9.829758911E0
3.376424067E1,1.884580994E-1,-7.589218140E-2,9.810149689E0
3.386472867E1,1.878593445E-1,-6.256988525E-2,9.819131012E0
3.396521667E1,1.938468933E-1,-6.960525513E-2,9.801767120E0
3.406570467E1,1.850152588E-1,-6.810836792E-2,9.813143463E0
3.416619267E1,1.898052979E-1,-7.574249268E-2,9.811496887E0
3.426667967E1,1.905537415E-1,-6.885681152E-2,9.808802490E0
3.436716767E1,1.844165039E-1,-7.319778442E-2,9.804760895E0
3.446765567E1,1.874102783E-1,-7.274871826E-2,9.814490662E0
3.456814367E1,1.907034302E-1,-7.125183105E-2,9.810299377E0
3.466863129E1,1.945953369E-1,-6.706054688E-2,9.811496887E0
3.476911929E1,1.817221069E-1,-7.229965210E-2,9.805359650E0
3.486960729E1,1.866618347E-1,-6.451583862E-2,9.804910583E0
3.497009429E1,1.942959595E-1,-7.454498291E-2,9.809550934E0
3.507058229E1,1.930984497E-1,-7.723937988E-2,9.806856537E0
3.517107029E1,1.917512512E-1,-7.200027466E-2,9.797575836E0
3.527155829E1,1.898052979E-1,-6.960525513E-2,9.802665253E0
3.537204529E1,1.893562317E-1,-7.574249268E-2,9.797426147E0
3.547253329E1,1.868115234E-1,-7.095245361E-2,9.800120544E0
3.557302554E1,1.802252197E-1,-7.229965210E-2,9.803862762E0
3.567351254E1,1.935475159E-1,-6.661148071E-2,9.796827393E0
3.577400054E1,1.901046753E-1,-6.765930176E-2,9.801467743E0
3.587448854E1,1.957928467E-1,-7.619155884E-2,9.803563385E0
3.597497554E1,1.926493835E-1,-7.170089722E-2,9.809700623E0
3.607546354E1,1.866618347E-1,-6.765930176E-2,9.804461517E0
3.617595154E1,1.863624573E-1,-6.421646118E-2,9.811347198E0
3.627643854E1,1.919009399E-1,-6.795867920E-2,9.799372101E0
3.637692654E1,1.844165039E-1,-6.900650024E-2,9.806856537E0
3.647741454E1,1.863624573E-1,-7.140151978E-2,9.802964630E0
3.657789729E1,1.927990723E-1,-6.376739502E-2,9.812245331E0
3.667838529E1,1.901046753E-1,-7.259902954E-2,9.799970856E0
3.677887329E1,1.842668152E-1,-7.005432129E-2,9.787397003E0
3.687936029E1,1.951940918E-1,-6.795867920E-2,9.807754669E0
3.697984829E1,1.854643250E-1,-7.619155884E-2,9.812844086E0
3.708033529E1,1.905537415E-1,-6.735992432E-2,9.802066498E0
3.718082329E1,1.905537415E-1,-7.424560547E-2,9.806856537E0
3.728131129E1,1.898052979E-1,-7.005432129E-2,9.799970856E0
3.738179829E1,1.886077881E-1,-7.289840698E-2,9.804760895E0
3.748228629E1,1.948947144E-1,-6.601272583E-2,9.814490662E0
3.758277367E1,1.904040527E-1,-6.960525513E-2,9.803413696E0
3.768326167E1,1.820214844E-1,-7.289840698E-2,9.811197510E0
3.778374967E1,1.950444031E-1,-6.511459351E-2,9.808203735E0
3.788423667E1,1.904040527E-1,-6.421646118E-2,9.798773346E0
3.798472467E1,1.808239746E-1,-7.768844604E-2,9.801916809E0
3.808521167E1,1.974394226E-1,-6.451583862E-2,9.808203735E0
3.818569967E1,1.911524963E-1,-7.005432129E-2,9.802814941E0
3.828618667E1,1.886077881E-1,-6.825805664E-2,9.798773346E0
3.838667467E1,1.962419128E-1,-7.394622803E-2,9.808802490E0
3.848716167E1,1.871109009E-1,-7.065307617E-2,9.804311829E0
3.858765279E1,1.901046753E-1,-7.394622803E-2,9.802964630E0
3.868814079E1,1.832189941E-1,-6.930587769E-2,9.802066498E0
3.878862779E1,1.917512512E-1,-6.795867920E-2,9.812993774E0
3.888911579E1,1.907034302E-1,-7.155120850E-2,9.805209961E0
3.898960279E1,1.892065430E-1,-7.319778442E-2,9.807904358E0
3.909009079E1,1.886077881E-1,-7.035369873E-2,9.799222412E0
3.919057779E1,1.935475159E-1,-6.960525513E-2,9.796677704E0
3.929106579E1,1.883084106E-1,-6.571334839E-2,9.792935486E0
3.939155279E1,1.881587219E-1,-7.200027466E-2,9.809251556E0
3.949204079E1,1.901046753E-1,-6.975494385E-2,9.806257782E0
3.959252429E1,1.842668152E-1,-6.855743408E-2,9.808203735E0
3.969301229E1,1.863624573E-1,-7.409591675E-2,9.803264008E0
3.979349929E1,1.839674377E-1,-7.170089722E-2,9.804611206E0
3.989398729E1,1.856140137E-1,-7.469467163E-2,9.812993774E0
3.999447429E1,1.863624573E-1,-6.915618896E-2,9.813442841E0
4.009496229E1,1.812730408E-1,-7.125183105E-2,9.808503113E0
4.019544929E1,1.905537415E-1,-7.304809570E-2,9.802515564E0
4.029593729E1,1.878593445E-1,-7.394622803E-2,9.811796265E0
4.039642429E1,1.923500061E-1,-7.155120850E-2,9.807455292E0
4.049691229E1,1.898052979E-1,-7.155120850E-2,9.804162140E0
4.059739900E1,1.877096558E-1,-6.541397095E-2,9.798473969E0
4.069788700E1,1.875599670E-1,-6.855743408E-2,9.793085175E0
4.079837400E1,1.845661926E-1,-7.065307617E-2,9.795031128E0
4.089886200E1,1.907034302E-1,-6.571334839E-2,9.799970856E0
4.099934900E1,1.868115234E-1,-7.140151978E-2,9.812993774E0
4.109983600E1,1.911524963E-1,-6.526428223E-2,9.809251556E0
4.120032400E1,1.844165039E-1,-6.975494385E-2,9.807006226E0
4.130081100E1,1.862127686E-1,-6.511459351E-2,9.809401245E0
4.140129900E1,1.833686829E-1,-6.541397095E-2,9.801318054E0
4.150178600E1,1.905537415E-1,-6.541397095E-2,9.805209961E0
4.160227425E1,1.923500061E-1,-7.768844604E-2,9.789642334E0
4.170276125E1,1.939965820E-1,-6.900650024E-2,9.796228638E0
4.180324825E1,1.941462708E-1,-8.083190918E-2,9.813293152E0
4.190373625E1,1.902543640E-1,-7.244934082E-2,9.812993774E0
4.200422325E1,1.905537415E-1,-6.631210327E-2,9.799671478E0
4.210471125E1,1.839674377E-1,-6.451583862E-2,9.806257782E0
4.220519825E1,1.926493835E-1,-5.837860107E-2,9.802066498E0
4.230568525E1,1.932481384E-1,-6.182144165E-2,9.801318054E0
4.240617325E1,1.853146362E-1,-6.810836792E-2,9.799970856E0
4.250666025E1,1.890568542E-1,-6.795867920E-2,9.807155914E0
4.260714825E1,1.860630798E-1,-7.409591675E-2,9.799521790E0
4.270763625E1,1.788780212E-1,-6.885681152E-2,9.805659027E0
4.280812325E1,1.944456482E-1,-7.005432129E-2,9.806706848E0
4.290861125E1,1.989363098E-1,-7.185058594E-2,9.808802490E0
4.300909825E1,1.829196167E-1,-7.244934082E-2,9.809700623E0
4.310958525E1,1.944456482E-1,-6.331832886E-2,9.801168365E0
4.321007325E1,1.974394226E-1,-6.511459351E-2,9.808353424E0
4.331056025E1,1.883084106E-1,-6.152206421E-2,9.814490662E0
4.341104725E1,1.821711731E-1,-8.068222046E-2,9.801767120E0
4.351153525E1,1.823208618E-1,-7.544311523E-2,9.803413696E0
4.361202088E1,1.856140137E-1,-7.185058594E-2,9.812395020E0
4.371250787E1,1.944456482E-1,-6.586303711E-2,9.811646576E0
4.381299587E1,1.835183716E-1,-7.589218140E-2,9.805509338E0
4.391348288E1,1.866618347E-1,-7.319778442E-2,9.808503113E0
4.401396987E1,1.965412903E-1,-5.792953491E-2,9.797575836E0
4.411445787E1,1.942959595E-1,-6.990463257E-2,9.800719299E0
4.421494488E1,1.881587219E-1,-7.679031372E-2,9.791887665E0
4.431543188E1,1.907034302E-1,-6.825805664E-2,9.807754669E0
4.441591888E1,1.999841309E-1,-6.376739502E-2,9.805808716E0
4.451640688E1,1.929487610E-1,-7.454498291E-2,9.799970856E0
4.461689413E1,1.791773987E-1,-6.870712280E-2,9.792935486E0
4.471738112E1,1.926493835E-1,-7.229965210E-2,9.815837860E0
4.481786912E1,1.932481384E-1,-7.364685059E-2,9.812095642E0
4.491835613E1,1.923500061E-1,-7.080276489E-2,9.795330505E0
4.501884312E1,1.917512512E-1,-7.319778442E-2,9.804162140E0
4.511933013E1,1.922003174E-1,-7.110214233E-2,9.806706848E0
4.521981813E1,1.922003174E-1,-7.289840698E-2,9.799671478E0
4.532030513E1,1.896556091E-1,-7.244934082E-2,9.796528015E0
4.542079213E1,1.847158813E-1,-6.960525513E-2,9.805509338E0
4.552127913E1,1.941462708E-1,-6.616241455E-2,9.809550934E0
4.562176679E1,1.942959595E-1,-7.723937988E-2,9.807455292E0
4.572225379E1,1.899549866E-1,-7.334747314E-2,9.795779572E0
4.582274079E1,1.881587219E-1,-6.885681152E-2,9.808503113E0
4.592322779E1,1.898052979E-1,-7.679031372E-2,9.793384552E0
4.602371579E1,1.895059204E-1,-5.598358154E-2,9.789193268E0
4.612420279E1,1.865121460E-1,-7.738906860E-2,9.797725525E0
4.622468979E1,1.919009399E-1,-7.170089722E-2,9.813143463E0
4.632517679E1,1.910028076E-1,-7.110214233E-2,9.806108093E0
4.642566379E1,1.844165039E-1,-7.349716187E-2,9.806407471E0
4.652615179E1,1.878593445E-1,-7.828720093E-2,9.801916809E0
4.662663925E1,1.827699280E-1,-7.020401001E-2,9.798174591E0
4.672712625E1,1.922003174E-1,-6.526428223E-2,9.818382568E0
4.682761325E1,1.913021851E-1,-6.825805664E-2,9.811047821E0
4.692810025E1,1.926493835E-1,-7.349716187E-2,9.802964630E0
4.702858825E1,1.808239746E-1,-7.020401001E-2,9.795180817E0
4.712907525E1,1.910028076E-1,-7.095245361E-2,9.796827393E0
4.722956225E1,1.854643250E-1,-7.035369873E-2,9.805958405E0
4.733004925E1,1.839674377E-1,-6.391708374E-2,9.803713074E0
4.743053625E1,1.935475159E-1,-7.035369873E-2,9.808652802E0
4.753102325E1,1.895059204E-1,-6.496490479E-2,9.803264008E0
4.763151125E1,1.910028076E-1,-6.706054688E-2,9.803713074E0
4.773199825E1,1.874102783E-1,-6.197113037E-2,9.798923035E0
4.783248525E1,1.956431580E-1,-6.870712280E-2,9.802665253E0
4.793297225E1,1.933978271E-1,-7.095245361E-2,9.797725525E0
4.803345925E1,1.941462708E-1,-6.436614990E-2,9.805209961E0
4.813394625E1,1.905537415E-1,-6.376739502E-2,9.804461517E0
4.823443425E1,1.866618347E-1,-6.436614990E-2,9.800569611E0
4.833492125E1,1.884580994E-1,-7.394622803E-2,9.798773346E0
4.843540825E1,1.877096558E-1,-6.975494385E-2,9.809401245E0
4.853589525E1,1.910028076E-1,-6.840774536E-2,9.805958405E0
4.863638250E1,1.904040527E-1,-7.140151978E-2,9.805659027E0
4.873686950E1,1.869612122E-1,-6.601272583E-2,9.799372101E0
4.883735650E1,1.941462708E-1,-7.723937988E-2,9.802964630E0
4.893784350E1,1.926493835E-1,-7.649093628E-2,9.795629883E0
4.903833150E1,1.845661926E-1,-5.763015747E-2,9.806557159E0
4.913881850E1,1.980381775E-1,-6.960525513E-2,9.799222412E0
4.923930550E1,1.938468933E-1,-6.945556641E-2,9.801018677E0
4.933979250E1,1.932481384E-1,-7.140151978E-2,9.813442841E0
4.944027950E1,1.881587219E-1,-6.526428223E-2,9.805958405E0
4.954076650E1,1.919009399E-1,-7.095245361E-2,9.802066498E0
4.964125442E1,1.919009399E-1,-6.571334839E-2,9.791139221E0
4.974174142E1,2.026785278E-1,-6.526428223E-2,9.791139221E0
4.984222842E1,1.935475159E-1,-7.274871826E-2,9.791887665E0
4.994271542E1,1.833686829E-1,-6.346801758E-2,9.800419922E0
5.004320242E1,1.857637024E-1,-6.152206421E-2,9.797875214E0
5.014369042E1,1.948947144E-1,-7.229965210E-2,9.792486420E0
5.024417742E1,1.845661926E-1,-7.424560547E-2,9.801467743E0
5.034466442E1,1.836680603E-1,-7.424560547E-2,9.793534241E0
5.044515142E1,1.998344421E-1,-6.077362061E-2,9.798174591E0
5.054563842E1,1.871109009E-1,-7.499404907E-2,9.806856537E0
5.064612638E1,1.914518738E-1,-6.915618896E-2,9.801617432E0
5.074661337E1,1.902543640E-1,-7.140151978E-2,9.798024902E0
5.084710038E1,1.898052979E-1,-7.514373779E-2,9.801617432E0
5.094758738E1,1.860630798E-1,-7.065307617E-2,9.811496887E0
5.104807538E1,1.901046753E-1,-5.538482666E-2,9.797575836E0
5.114856238E1,1.899549866E-1,-7.170089722E-2,9.800120544E0
5.124904938E1,1.868115234E-1,-6.990463257E-2,9.794432373E0
5.134953637E1,1.815724182E-1,-7.125183105E-2,9.807754669E0
5.145002338E1,1.919009399E-1,-7.364685059E-2,9.807305603E0
5.155051138E1,1.871109009E-1,-7.050338745E-2,9.801767120E0
5.165099854E1,1.899549866E-1,-6.062393188E-2,9.811047821E0
5.175148554E1,1.950444031E-1,-6.242019653E-2,9.805209961E0
5.185197254E1,1.887574768E-1,-6.855743408E-2,9.807305603E0
5.195246054E1,1.957928467E-1,-6.197113037E-2,9.801617432E0
5.205294754E1,1.848655701E-1,-7.828720093E-2,9.798174591E0
5.215343454E1,1.854643250E-1,-7.304809570E-2,9.808802490E0
5.225392154E1,1.874102783E-1,-7.454498291E-2,9.818232880E0
5.235440854E1,1.892065430E-1,-6.451583862E-2,9.817783813E0
5.245489554E1,1.839674377E-1,-6.810836792E-2,9.800120544E0
5.255538354E1,1.832189941E-1,-5.897735596E-2,9.807604980E0
5.265586963E1,1.917512512E-1,-7.080276489E-2,9.806557159E0
5.275635663E1,1.848655701E-1,-7.140151978E-2,9.802515564E0
5.285684362E1,1.874102783E-1,-6.945556641E-2,9.803114319E0
5.295733063E1,1.872605896E-1,-6.825805664E-2,9.807155914E0
5.305781762E1,1.868115234E-1,-6.735992432E-2,9.800719299E0
5.315830562E1,1.916015625E-1,-7.454498291E-2,9.810149689E0
5.325879263E1,1.884580994E-1,-6.721023560E-2,9.804012451E0
5.335927963E1,1.884580994E-1,-7.155120850E-2,9.788893890E0
5.345976663E1,1.830693054E-1,-7.155120850E-2,9.811347198E0
5.356025363E1,1.965412903E-1,-7.723937988E-2,9.804611206E0
5.366074100E1,1.883084106E-1,-6.721023560E-2,9.810598755E0
5.376122800E1,1.883084106E-1,-7.140151978E-2,9.800120544E0
5.386171600E1,1.999841309E-1,-7.274871826E-2,9.810000000E0
5.396220300E1,1.776805115E-1,-7.050338745E-2,9.799222412E0
5.406269000E1,1.820214844E-1,-7.349716187E-2,9.817933502E0
5.416317700E1,1.883084106E-1,-7.559280396E-2,9.812993774E0
5.426366400E1,1.953437805E-1,-7.125183105E-2,9.797276459E0
5.436415100E1,1.941462708E-1,-7.409591675E-2,9.797126770E0
5.446463800E1,1.930984497E-1,-6.780899048E-2,9.809401245E0
5.456512500E1,1.904040527E-1,-6.975494385E-2,9.800120544E0
5.466561200E1,1.898052979E-1,-6.990463257E-2,9.794132996E0
5.476610000E1,1.914518738E-1,-7.020401001E-2,9.803713074E0
5.486658700E1,1.875599670E-1,-6.346801758E-2,9.802216187E0
5.496707400E1,1.866618347E-1,-6.915618896E-2,9.808802490E0
5.506756100E1,1.978884888E-1,-7.050338745E-2,9.792037354E0
5.516804800E1,1.893562317E-1,-5.942642212E-2,9.811496887E0
5.526853500E1,1.884580994E-1,-7.155120850E-2,9.797875214E0
5.536902200E1,1.941462708E-1,-6.601272583E-2,9.813592529E0
5.546950900E1,1.868115234E-1,-8.008346558E-2,9.801018677E0
5.556999600E1,1.853146362E-1,-6.601272583E-2,9.807455292E0
5.567048712E1,1.878593445E-1,-7.244934082E-2,9.803413696E0
5.577097413E1,1.954934692E-1,-6.376739502E-2,9.803862762E0
5.587146113E1,1.865121460E-1,-7.080276489E-2,9.795929260E0
5.597194812E1,1.896556091E-1,-7.125183105E-2,9.811347198E0
5.607243513E1,1.932481384E-1,-7.259902954E-2,9.805659027E0
5.617292212E1,1.878593445E-1,-6.945556641E-2,9.812095642E0
5.627341012E1,1.838177490E-1,-6.391708374E-2,9.809101868E0
5.637389713E1,1.962419128E-1,-7.125183105E-2,9.803862762E0
5.647438413E1,1.847158813E-1,-6.915618896E-2,9.805359650E0
5.657487113E1,1.905537415E-1,-7.379653931E-2,9.813293152E0
5.667535479E1,1.975891113E-1,-7.274871826E-2,9.796677704E0
5.677584179E1,1.878593445E-1,-6.960525513E-2,9.802515564E0
5.687632879E1,1.881587219E-1,-6.706054688E-2,9.808353424E0
5.697681579E1,1.960922241E-1,-7.200027466E-2,9.797725525E0
5.707730279E1,1.851649475E-1,-7.933502197E-2,9.801018677E0
5.717778979E1,1.896556091E-1,-6.616241455E-2,9.809401245E0
5.727827679E1,1.884580994E-1,-6.855743408E-2,9.813143463E0
5.737876379E1,1.896556091E-1,-7.723937988E-2,9.796078949E0
5.747925079E1,1.899549866E-1,-6.960525513E-2,9.795629883E0
5.757973779E1,1.922003174E-1,-6.451583862E-2,9.799671478E0
5.768022800E1,1.781295776E-1,-7.095245361E-2,9.792935486E0
5.778071400E1,1.965412903E-1,-6.062393188E-2,9.808353424E0
5.788120100E1,1.927990723E-1,-7.469467163E-2,9.799821167E0
5.798168800E1,1.899549866E-1,-7.888595581E-2,9.814490662E0
5.808217500E1,1.898052979E-1,-6.646179199E-2,9.801018677E0
5.818266200E1,1.899549866E-1,-5.777984619E-2,9.801018677E0
5.828314900E1,1.863624573E-1,-6.421646118E-2,9.792636108E0
5.838363600E1,1.913021851E-1,-7.349716187E-2,9.808054047E0
5.848412300E1,1.930984497E-1,-6.541397095E-2,9.794132996E0
5.858461000E1,1.847158813E-1,-7.304809570E-2,9.805509338E0
5.868509367E1,1.893562317E-1,-7.544311523E-2,9.808652802E0
5.878558067E1,1.893562317E-1,-7.229965210E-2,9.808353424E0
5.888606767E1,1.878593445E-1,-6.780899048E-2,9.794282684E0
5.898655467E1,1.826202393E-1,-7.155120850E-2,9.812245331E0
5.908704167E1,1.895059204E-1,-7.020401001E-2,9.811945953E0
5.918752867E1,1.896556091E-1,-6.451583862E-2,9.800270233E0
5.928801567E1,1.887574768E-1,-7.319778442E-2,9.807006226E0
5.938850167E1,1.872605896E-1,-6.526428223E-2,9.797276459E0
5.948898867E1,1.890568542E-1,-6.451583862E-2,9.809251556E0
5.958947567E1,1.857637024E-1,-7.110214233E-2,9.782756653E0
5.968996229E1,1.832189941E-1,-7.574249268E-2,9.809101868E0
5.979044929E1,1.995350647E-1,-5.598358154E-2,9.801318054E0
5.989093629E1,1.877096558E-1,-7.559280396E-2,9.810000000E0
5.999142329E1,1.914518738E-1,-6.990463257E-2,9.801467743E0
6.009191029E1,1.923500061E-1,-7.679031372E-2,9.798473969E0
6.019239729E1,1.829196167E-1,-7.394622803E-2,9.806856537E0
6.029288329E1,1.883084106E-1,-6.197113037E-2,9.820478210E0
6.039337029E1,1.877096558E-1,-6.721023560E-2,9.813742218E0
6.049385729E1,1.919009399E-1,-7.065307617E-2,9.803862762E0
6.059434429E1,1.917512512E-1,-6.421646118E-2,9.809550934E0
6.069483188E1,1.916015625E-1,-6.780899048E-2,9.804162140E0
6.079531887E1,1.883084106E-1,-6.661148071E-2,9.797725525E0
6.089580588E1,1.898052979E-1,-7.005432129E-2,9.796977081E0
6.099629187E1,1.981878662E-1,-6.511459351E-2,9.815089417E0
6.109677888E1,1.944456482E-1,-7.289840698E-2,9.802365875E0
6.119726588E1,1.935475159E-1,-6.331832886E-2,9.804910583E0
6.129775288E1,1.977388000E-1,-7.244934082E-2,9.795480194E0
6.139823988E1,1.957928467E-1,-6.152206421E-2,9.800419922E0
6.149872687E1,1.878593445E-1,-6.915618896E-2,9.810748444E0
6.159921304E1,1.856140137E-1,-7.694000244E-2,9.806407471E0
6.169970004E1,1.865121460E-1,-6.780899048E-2,9.809700623E0
6.180018704E1,1.905537415E-1,-7.574249268E-2,9.808503113E0
6.190067404E1,1.924996948E-1,-5.897735596E-2,9.810898132E0
6.200116104E1,1.836680603E-1,-6.840774536E-2,9.811646576E0
6.210164704E1,1.799258423E-1,-6.795867920E-2,9.810149689E0
6.220213404E1,1.839674377E-1,-7.454498291E-2,9.807006226E0
6.230262104E1,1.898052979E-1,-6.556365967E-2,9.802365875E0
6.240310804E1,1.922003174E-1,-7.065307617E-2,9.790690155E0
6.250359504E1,1.951940918E-1,-7.379653931E-2,9.792935486E0
6.260407988E1,1.924996948E-1,-6.825805664E-2,9.799671478E0
6.270456688E1,1.857637024E-1,-7.723937988E-2,9.799521790E0
6.280505387E1,1.835183716E-1,-6.451583862E-2,9.791588287E0
6.290554088E1,1.948947144E-1,-6.017486572E-2,9.794432373E0
6.300602788E1,1.884580994E-1,-6.765930176E-2,9.791139221E0
6.310651388E1,2.013313293E-1,-6.032455444E-2,9.807754669E0
6.320700088E1,1.898052979E-1,-6.316864014E-2,9.811047821E0
6.330748788E1,1.911524963E-1,-7.050338745E-2,9.830507355E0
6.340797488E1,1.901046753E-1,-6.990463257E-2,9.801916809E0
6.350846088E1,1.887574768E-1,-6.646179199E-2,9.806856537E0
6.360894779E1,2.025288391E-1,-6.780899048E-2,9.786498871E0
6.370943479E1,1.911524963E-1,-7.394622803E-2,9.814939728E0
6.380992179E1,1.887574768E-1,-5.508544922E-2,9.783355408E0
6.391040779E1,1.791773987E-1,-7.589218140E-2,9.813442841E0
6.401089479E1,1.932481384E-1,-5.882766724E-2,9.785301361E0
6.411138179E1,1.904040527E-1,-7.559280396E-2,9.789193268E0
6.421186879E1,1.950444031E-1,-6.092330933E-2,9.786498871E0
6.431235479E1,1.868115234E-1,-7.035369873E-2,9.796827393E0
6.441284179E1,1.939965820E-1,-7.259902954E-2,9.794432373E0
6.451332879E1,1.880090332E-1,-7.244934082E-2,9.812395020E0
6.461381525E1,1.905537415E-1,-6.511459351E-2,9.816436615E0
6.471430225E1,1.938468933E-1,-7.289840698E-2,9.804760895E0
6.481478925E1,1.957928467E-1,-6.616241455E-2,9.805808716E0
6.491527625E1,1.866618347E-1,-7.604187012E-2,9.814041595E0
6.501576225E1,1.856140137E-1,-6.017486572E-2,9.836644592E0
6.511624925E1,1.959425354E-1,-7.035369873E-2,9.822723541E0
6.521673625E1,1.761836243E-1,-6.721023560E-2,9.814490662E0
6.531722225E1,1.944456482E-1,-6.571334839E-2,9.787696381E0
6.541770925E1,1.881587219E-1,-7.289840698E-2,9.798024902E0
6.551819625E1,1.848655701E-1,-6.885681152E-2,9.790390778E0
6.561868250E1,1.901046753E-1,-5.822891235E-2,9.799970856E0
6.571916950E1,1.904040527E-1,-7.200027466E-2,9.797575836E0
6.581965650E1,1.905537415E-1,-6.481521606E-2,9.810299377E0
6.592014250E1,1.950444031E-1,-6.182144165E-2,9.797575836E0
6.602062950E1,1.936972046E-1,-7.155120850E-2,9.801916809E0
6.612111650E1,1.883084106E-1,-6.586303711E-2,9.807604980E0
6.622160250E1,1.809736633E-1,-7.095245361E-2,9.797426147E0
6.632208950E1,1.902543640E-1,-7.080276489E-2,9.810748444E0
6.642257650E1,1.866618347E-1,-7.664062500E-2,9.815987549E0
6.652306250E1,1.935475159E-1,-6.017486572E-2,9.807754669E0
6.662354917E1,1.908531189E-1,-7.319778442E-2,9.804461517E0
6.672403617E1,1.890568542E-1,-6.152206421E-2,9.798324280E0
6.682452217E1,1.877096558E-1,-6.631210327E-2,9.807604980E0
6.692500917E1,2.035766602E-1,-7.783813477E-2,9.815837860E0
6.702549617E1,1.883084106E-1,-6.721023560E-2,9.815837860E0
6.712598217E1,1.936972046E-1,-6.152206421E-2,9.803713074E0
6.722646917E1,1.869612122E-1,-6.765930176E-2,9.804760895E0
6.732695517E1,1.860630798E-1,-7.244934082E-2,9.804611206E0
6.742744217E1,1.969903564E-1,-6.930587769E-2,9.803563385E0
6.752792917E1,1.954934692E-1,-7.409591675E-2,9.803713074E0
6.762841513E1,1.944456482E-1,-6.631210327E-2,9.808652802E0
6.772890213E1,1.939965820E-1,-7.244934082E-2,9.801916809E0
6.782938912E1,1.832189941E-1,-6.451583862E-2,9.806856537E0
6.792987513E1,1.981878662E-1,-7.559280396E-2,9.815538483E0
6.803036212E1,1.827699280E-1,-7.200027466E-2,9.811496887E0
6.813084813E1,1.878593445E-1,-6.810836792E-2,9.811796265E0
6.823133513E1,1.941462708E-1,-7.723937988E-2,9.800419922E0
6.833182213E1,1.936972046E-1,-6.436614990E-2,9.813442841E0
6.843230813E1,1.869612122E-1,-6.780899048E-2,9.793534241E0
6.853279513E1,1.866618347E-1,-7.813751221E-2,9.816436615E0
6.863328100E1,1.907034302E-1,-6.975494385E-2,9.811047821E0
6.873376800E1,1.889071655E-1,-6.511459351E-2,9.783654785E0
6.883425400E1,1.836680603E-1,-6.526428223E-2,9.792187042E0
6.893474100E1,1.863624573E-1,-7.484436035E-2,9.798923035E0
6.903522800E1,1.908531189E-1,-7.110214233E-2,9.792785797E0
6.913571400E1,1.818717957E-1,-5.718109131E-2,9.789792023E0
6.923620100E1,1.865121460E-1,-6.885681152E-2,9.805509338E0
6.933668700E1,1.914518738E-1,-7.903564453E-2,9.811197510E0
6.943717400E1,1.966909790E-1,-6.870712280E-2,9.816586304E0
6.953766000E1,1.913021851E-1,-6.511459351E-2,9.815688171E0
6.963814754E1,1.884580994E-1,-6.960525513E-2,9.805060272E0
6.973863454E1,1.968406677E-1,-7.200027466E-2,9.809101868E0
6.983912054E1,1.854643250E-1,-6.885681152E-2,9.821076965E0
6.993960754E1,1.947450256E-1,-7.050338745E-2,9.808503113E0
7.004009354E1,1.913021851E-1,-6.930587769E-2,9.804012451E0
7.014058054E1,1.848655701E-1,-7.514373779E-2,9.795629883E0
7.024106654E1,1.847158813E-1,-6.511459351E-2,9.797276459E0
7.034155354E1,1.892065430E-1,-6.451583862E-2,9.803114319E0
7.044203954E1,1.887574768E-1,-6.002517700E-2,9.802964630E0
7.054252654E1,1.899549866E-1,-6.930587769E-2,9.801318054E0
7.064301254E1,1.948947144E-1,-6.137237549E-2,9.797126770E0
7.074349954E1,1.865121460E-1,-6.825805664E-2,9.799521790E0
7.084398554E1,1.951940918E-1,-6.301895142E-2,9.824669495E0
7.094447254E1,1.926493835E-1,-7.409591675E-2,9.824370117E0
7.104495954E1,1.959425354E-1,-6.511459351E-2,9.799970856E0
7.114544554E1,1.899549866E-1,-7.529342651E-2,9.788893890E0
7.124593254E1,1.956431580E-1,-6.646179199E-2,9.777218170E0
7.134641854E1,1.936972046E-1,-6.556365967E-2,9.777966614E0
7.144690554E1,1.947450256E-1,-7.304809570E-2,9.798324280E0
7.154739154E1,1.910028076E-1,-7.319778442E-2,9.800120544E0
7.164787825E1,1.859133911E-1,-7.334747314E-2,9.806257782E0
7.174836425E1,1.875599670E-1,-6.017486572E-2,9.800270233E0
7.184885125E1,1.872605896E-1,-8.038284302E-2,9.807604980E0
7.194933725E1,1.890568542E-1,-6.077362061E-2,9.812694397E0
7.204982425E1,1.818717957E-1,-6.900650024E-2,9.810299377E0
7.215031025E1,1.999841309E-1,-7.574249268E-2,9.812694397E0
7.225079725E1,1.799258423E-1,-6.870712280E-2,9.808353424E0
7.235128325E1,1.995350647E-1,-7.259902954E-2,9.796528015E0
7.245177025E1,1.986369324E-1,-7.140151978E-2,9.789043579E0
7.255225625E1,1.905537415E-1,-6.721023560E-2,9.804012451E0
7.265274254E1,1.944456482E-1,-6.077362061E-2,9.788444824E0
7.275322954E1,1.901046753E-1,-7.050338745E-2,9.805060272E0
7.285371554E1,1.922003174E-1,-7.214996338E-2,9.797875214E0
7.295420254E1,1.950444031E-1,-6.182144165E-2,9.800719299E0
7.305468854E1,1.981878662E-1,-6.556365967E-2,9.800569611E0
7.315517554E1,1.939965820E-1,-7.200027466E-2,9.803713074E0
7.325566154E1,1.901046753E-1,-6.646179199E-2,9.808353424E0
7.335614854E1,1.893562317E-1,-5.718109131E-2,9.815837860E0
7.345663454E1,1.877096558E-1,-6.541397095E-2,9.792187042E0
7.355712154E1,1.893562317E-1,-6.197113037E-2,9.800569611E0
7.365760763E1,1.902543640E-1,-7.394622803E-2,9.808203735E0
7.375809462E1,1.930984497E-1,-8.113128662E-2,9.806257782E0
7.385858063E1,1.929487610E-1,-6.256988525E-2,9.824220428E0
7.395906663E1,1.902543640E-1,-6.780899048E-2,9.814340973E0
7.405955363E1,1.899549866E-1,-5.748046875E-2,9.805209961E0
7.416003963E1,1.827699280E-1,-6.735992432E-2,9.814490662E0
7.426052663E1,1.957928467E-1,-6.391708374E-2,9.824370117E0
7.436101263E1,1.827699280E-1,-6.212081909E-2,9.811646576E0
7.446149963E1,1.863624573E-1,-6.990463257E-2,9.815837860E0
7.456198563E1,1.890568542E-1,-6.706054688E-2,9.807455292E0
7.466247217E1,1.962419128E-1,-7.155120850E-2,9.787397003E0
7.476295817E1,1.880090332E-1,-6.930587769E-2,9.802365875E0
7.486344417E1,1.923500061E-1,-6.975494385E-2,9.803114319E0
7.496393117E1,1.916015625E-1,-6.646179199E-2,9.795480194E0
7.506441717E1,2.019300842E-1,-6.481521606E-2,9.805060272E0
7.516490417E1,1.971400452E-1,-7.050338745E-2,9.799521790E0
7.526539017E1,1.844165039E-1,-6.706054688E-2,9.809700623E0
7.536587617E1,1.755848694E-1,-6.541397095E-2,9.801318054E0
7.546636317E1,1.935475159E-1,-6.361770630E-2,9.795929260E0
7.556684917E1,1.919009399E-1,-8.143066406E-2,9.802216187E0
7.566733942E1,1.947450256E-1,-7.005432129E-2,9.804012451E0
7.576782542E1,1.938468933E-1,-7.214996338E-2,9.812544708E0
7.586831142E1,1.899549866E-1,-7.768844604E-2,9.802365875E0
7.596879842E1,1.951940918E-1,-7.559280396E-2,9.816586304E0
7.606928442E1,1.871109009E-1,-8.247848511E-2,9.812095642E0
7.616977142E1,1.939965820E-1,-6.885681152E-2,9.813742218E0
7.627025742E1,1.871109009E-1,-6.765930176E-2,9.813742218E0
7.637074342E1,1.922003174E-1,-8.008346558E-2,9.806108093E0
7.647123042E1,1.844165039E-1,-7.544311523E-2,9.805509338E0
7.657171642E1,1.930984497E-1,-6.765930176E-2,9.794282684E0
7.667219979E1,1.995350647E-1,-6.541397095E-2,9.805808716E0
7.677268579E1,1.820214844E-1,-7.155120850E-2,9.800120544E0
7.687317179E1,1.871109009E-1,-6.346801758E-2,9.815538483E0
7.697365879E1,1.848655701E-1,-7.619155884E-2,9.797875214E0
7.707414479E1,1.863624573E-1,-7.200027466E-2,9.792336731E0
7.717463079E1,2.025288391E-1,-7.349716187E-2,9.788744202E0
7.727511779E1,1.887574768E-1,-7.035369873E-2,9.799521790E0
7.737560379E1,1.815724182E-1,-8.083190918E-2,9.801767120E0
7.747608979E1,1.866618347E-1,-6.152206421E-2,9.812544708E0
7.757657679E1,1.987866211E-1,-6.586303711E-2,9.805359650E0
7.767706363E1,1.939965820E-1,-7.170089722E-2,9.798324280E0
7.777755063E1,1.890568542E-1,-6.930587769E-2,9.808353424E0
7.787803663E1,1.956431580E-1,-6.227050781E-2,9.809700623E0
7.797852262E1,1.914518738E-1,-7.125183105E-2,9.811047821E0
7.807900863E1,1.866618347E-1,-6.975494385E-2,9.804311829E0
7.817949562E1,1.986369324E-1,-6.780899048E-2,9.805509338E0
7.827998163E1,1.892065430E-1,-7.424560547E-2,9.798773346E0
7.838046763E1,1.932481384E-1,-7.185058594E-2,9.807754669E0
7.848095463E1,1.959425354E-1,-6.316864014E-2,9.814790039E0
7.858144063E1,1.924996948E-1,-7.005432129E-2,9.809700623E0
7.868193037E1,1.802252197E-1,-6.451583862E-2,9.803264008E0
7.878241738E1,1.935475159E-1,-5.733078003E-2,9.800419922E0
7.888290337E1,2.038760376E-1,-6.646179199E-2,9.814790039E0
7.898338938E1,1.857637024E-1,-6.616241455E-2,9.803563385E0
7.908387637E1,1.820214844E-1,-6.361770630E-2,9.831255798E0
7.918436238E1,1.919009399E-1,-7.244934082E-2,9.806706848E0
7.928484838E1,1.913021851E-1,-6.750961304E-2,9.798773346E0
7.938533538E1,1.812730408E-1,-7.274871826E-2,9.797875214E0
7.948582138E1,1.910028076E-1,-6.990463257E-2,9.798623657E0
7.958630737E1,1.956431580E-1,-7.095245361E-2,9.791139221E0
7.968679300E1,1.835183716E-1,-7.170089722E-2,9.803413696E0
7.978728000E1,1.895059204E-1,-7.604187012E-2,9.792336731E0
7.988776600E1,1.871109009E-1,-6.631210327E-2,9.793085175E0
7.998825200E1,1.905537415E-1,-6.945556641E-2,9.802066498E0
8.008873900E1,1.826202393E-1,-6.421646118E-2,9.801767120E0
8.018922500E1,1.914518738E-1,-6.601272583E-2,9.793085175E0
8.028971100E1,1.992356873E-1,-6.496490479E-2,9.798773346E0
8.039019700E1,1.872605896E-1,-6.331832886E-2,9.804012451E0
8.049068400E1,1.812730408E-1,-6.840774536E-2,9.806257782E0
8.059117000E1,1.981878662E-1,-5.957611084E-2,9.806407471E0
8.069165225E1,1.898052979E-1,-6.870712280E-2,9.817185059E0
8.079213825E1,1.796264648E-1,-7.244934082E-2,9.801318054E0
8.089262525E1,1.933978271E-1,-7.664062500E-2,9.806856537E0
8.099311125E1,1.872605896E-1,-7.409591675E-2,9.803264008E0
8.109359725E1,1.927990723E-1,-6.002517700E-2,9.793534241E0
8.119408325E1,1.904040527E-1,-7.065307617E-2,9.816735992E0
8.129457025E1,1.933978271E-1,-7.304809570E-2,9.827214203E0
8.139505625E1,1.857637024E-1,-7.020401001E-2,9.818532257E0
8.149554225E1,1.886077881E-1,-6.691085815E-2,9.819879456E0
8.159602825E1,1.842668152E-1,-7.035369873E-2,9.808652802E0
8.169651475E1,1.827699280E-1,-6.496490479E-2,9.786498871E0
8.179700075E1,1.850152588E-1,-7.574249268E-2,9.815089417E0
8.189748675E1,1.862127686E-1,-6.316864014E-2,9.805509338E0
8.199797275E1,1.893562317E-1,-7.170089722E-2,9.793833618E0
8.209845975E1,1.908531189E-1,-6.825805664E-2,9.798324280E0
8.219894575E1,1.878593445E-1,-6.451583862E-2,9.807155914E0
8.229943175E1,1.947450256E-1,-7.005432129E-2,9.792187042E0
8.239991775E1,1.863624573E-1,-5.867797852E-2,9.796228638E0
8.250040475E1,1.884580994E-1,-7.020401001E-2,9.802066498E0
8.260089075E1,1.987866211E-1,-6.855743408E-2,9.813742218E0
8.270137729E1,1.919009399E-1,-7.589218140E-2,9.785301361E0
8.280186329E1,1.847158813E-1,-6.975494385E-2,9.806407471E0
8.290234929E1,1.942959595E-1,-7.080276489E-2,9.813742218E0
8.300283629E1,1.959425354E-1,-6.541397095E-2,9.803862762E0
8.310332229E1,1.823208618E-1,-6.002517700E-2,9.802665253E0
8.320380829E1,1.841171265E-1,-6.496490479E-2,9.798773346E0
8.330429429E1,1.920506287E-1,-7.304809570E-2,9.786349182E0
8.340478029E1,1.939965820E-1,-6.646179199E-2,9.799372101E0
8.350526729E1,1.947450256E-1,-6.840774536E-2,9.791887665E0
8.360575329E1,1.953437805E-1,-6.212081909E-2,9.799521790E0
8.370623917E1,1.995350647E-1,-6.661148071E-2,9.809401245E0
8.380672517E1,1.980381775E-1,-7.050338745E-2,9.812844086E0
8.390721117E1,1.947450256E-1,-7.409591675E-2,9.803413696E0
8.400769817E1,1.890568542E-1,-6.212081909E-2,9.801767120E0
8.410818417E1,1.862127686E-1,-5.673202515E-2,9.808802490E0
8.420867017E1,1.959425354E-1,-6.601272583E-2,9.780810699E0
8.430915617E1,1.966909790E-1,-7.125183105E-2,9.787546692E0
8.440964217E1,1.954934692E-1,-7.259902954E-2,9.805808716E0
8.451012817E1,1.924996948E-1,-5.837860107E-2,9.797126770E0
8.461061517E1,1.966909790E-1,-6.840774536E-2,9.799222412E0
8.471110100E1,1.875599670E-1,-7.229965210E-2,9.799671478E0
8.481158700E1,1.889071655E-1,-7.244934082E-2,9.798773346E0
8.491207300E1,1.917512512E-1,-7.439529419E-2,9.801767120E0
8.501255900E1,1.947450256E-1,-6.032455444E-2,9.820777588E0
8.511304500E1,1.848655701E-1,-7.394622803E-2,9.800120544E0
8.521353200E1,1.871109009E-1,-7.574249268E-2,9.810000000E0
8.531401800E1,1.785786438E-1,-5.912704468E-2,9.801018677E0
8.541450400E1,1.877096558E-1,-7.170089722E-2,9.804162140E0
8.551499000E1,1.890568542E-1,-6.197113037E-2,9.802964630E0
8.561547600E1,1.806742859E-1,-6.511459351E-2,9.772577820E0
8.571596287E1,1.856140137E-1,-6.870712280E-2,9.811347198E0
8.581644888E1,1.920506287E-1,-6.765930176E-2,9.780361633E0
8.591693587E1,1.911524963E-1,-5.763015747E-2,9.790091400E0
8.601742188E1,1.966909790E-1,-7.753875732E-2,9.805958405E0
8.611790788E1,1.884580994E-1,-5.343887329E-2,9.795031128E0
8.621839387E1,1.992356873E-1,-7.634124756E-2,9.801318054E0
8.631887988E1,1.929487610E-1,-5.852828979E-2,9.814340973E0
8.641936588E1,1.868115234E-1,-6.631210327E-2,9.804760895E0
8.651985187E1,1.845661926E-1,-7.604187012E-2,9.813442841E0
8.662033788E1,2.038760376E-1,-6.436614990E-2,9.803264008E0
8.672082437E1,1.820214844E-1,-7.364685059E-2,9.808952179E0
8.682131038E1,1.839674377E-1,-7.155120850E-2,9.790839844E0
8.692179638E1,1.883084106E-1,-6.167175293E-2,9.803114319E0
8.702228237E1,1.883084106E-1,-7.185058594E-2,9.799372101E0
8.712276838E1,1.850152588E-1,-6.077362061E-2,9.800120544E0
8.722325438E1,1.945953369E-1,-6.721023560E-2,9.791288910E0
8.732374037E1,1.939965820E-1,-6.466552734E-2,9.792935486E0
8.742422638E1,1.854643250E-1,-6.571334839E-2,9.774523773E0
8.752471337E1,1.886077881E-1,-7.095245361E-2,9.810000000E0
8.762519938E1,1.981878662E-1,-7.514373779E-2,9.799970856E0
8.772568492E1,1.992356873E-1,-6.840774536E-2,9.809550934E0
8.782617092E1,1.899549866E-1,-7.798782349E-2,9.810000000E0
8.792665692E1,1.929487610E-1,-7.035369873E-2,9.817783813E0
8.802714292E1,1.908531189E-1,-7.214996338E-2,9.810299377E0
8.812762892E1,1.898052979E-1,-6.930587769E-2,9.805659027E0
8.822811492E1,1.892065430E-1,-7.768844604E-2,9.803413696E0
8.832860092E1,1.883084106E-1,-6.541397095E-2,9.801467743E0
8.842908692E1,1.848655701E-1,-6.167175293E-2,9.790690155E0
8.852957392E1,1.907034302E-1,-7.469467163E-2,9.801467743E0
8.863006400E1,1.929487610E-1,-7.424560547E-2,9.802665253E0
8.873055000E1,1.942959595E-1,-6.735992432E-2,9.807155914E0
8.883103600E1,1.815724182E-1,-7.304809570E-2,9.807006226E0
8.893152200E1,1.947450256E-1,-7.110214233E-2,9.812694397E0
8.903200800E1,1.971400452E-1,-6.990463257E-2,9.795330505E0
8.913249400E1,1.871109009E-1,-5.942642212E-2,9.801617432E0
8.923298000E1,1.835183716E-1,-6.945556641E-2,9.796378326E0
8.933346600E1,1.890568542E-1,-6.780899048E-2,9.809550934E0
8.943395200E1,1.881587219E-1,-7.125183105E-2,9.812395020E0
8.953443800E1,1.890568542E-1,-7.229965210E-2,9.812694397E0
8.963492187E1,1.860630798E-1,-6.750961304E-2,9.803114319E0
8.973540788E1,1.919009399E-1,-6.945556641E-2,9.802365875E0
8.983589388E1,1.926493835E-1,-7.274871826E-2,9.795031128E0
8.993637987E1,2.005828857E-1,-6.975494385E-2,9.797725525E0
9.003686588E1,1.908531189E-1,-6.930587769E-2,9.791887665E0
9.013735188E1,1.874102783E-1,-6.032455444E-2,9.808952179E0
9.023783787E1,1.935475159E-1,-6.331832886E-2,9.805958405E0
9.033832388E1,1.898052979E-1,-6.706054688E-2,9.813742218E0
9.043880987E1,1.880090332E-1,-6.825805664E-2,9.811796265E0
9.053929588E1,1.874102783E-1,-6.361770630E-2,9.821825409E0
9.063978500E1,1.911524963E-1,-6.077362061E-2,9.827363892E0
9.074027100E1,1.874102783E-1,-6.676116943E-2,9.821526031E0
9.084075700E1,1.887574768E-1,-7.664062500E-2,9.808054047E0
9.094124300E1,1.862127686E-1,-6.212081909E-2,9.824070740E0
9.104173000E1,1.811233521E-1,-6.810836792E-2,9.810748444E0
9.114221600E1,1.892065430E-1,-7.244934082E-2,9.811496887E0
9.124270200E1,1.833686829E-1,-6.661148071E-2,9.799372101E0
9.134318800E1,1.875599670E-1,-7.259902954E-2,9.799222412E0
9.144367400E1,1.890568542E-1,-6.825805664E-2,9.817634125E0
9.154416000E1,1.868115234E-1,-6.421646118E-2,9.800719299E0
9.164464300E1,1.904040527E-1,-6.376739502E-2,9.793833618E0
9.174512900E1,1.910028076E-1,-5.897735596E-2,9.818083191E0
9.184561500E1,1.853146362E-1,-6.646179199E-2,9.797276459E0
9.194610100E1,1.889071655E-1,-7.828720093E-2,9.792785797E0
9.204658700E1,1.913021851E-1,-7.020401001E-2,9.802515564E0
9.214707300E1,1.919009399E-1,-7.110214233E-2,9.813143463E0
9.224755900E1,1.984872437E-1,-6.676116943E-2,9.807305603E0
9.234804500E1,1.865121460E-1,-7.095245361E-2,9.785451050E0
9.244853100E1,1.869612122E-1,-7.289840698E-2,9.819430389E0
9.254901700E1,1.835183716E-1,-7.244934082E-2,9.813293152E0
9.264950200E1,1.992356873E-1,-6.930587769E-2,9.807904358E0
9.274998800E1,1.854643250E-1,-6.346801758E-2,9.808203735E0
9.285047400E1,1.926493835E-1,-6.840774536E-2,9.819280701E0
9.295096000E1,1.863624573E-1,-6.182144165E-2,9.803264008E0
9.305144600E1,1.850152588E-1,-7.289840698E-2,9.812245331E0
9.315193200E1,1.923500061E-1,-5.852828979E-2,9.800719299E0
9.325241800E1,1.923500061E-1,-6.271957397E-2,9.798324280E0
9.335290400E1,1.913021851E-1,-7.005432129E-2,9.805509338E0
9.345339000E1,1.920506287E-1,-6.900650024E-2,9.796827393E0
9.355387600E1,1.971400452E-1,-6.706054688E-2,9.808054047E0
9.365436238E1,2.007325745E-1,-6.676116943E-2,9.816586304E0
9.375484838E1,1.917512512E-1,-5.628295898E-2,9.802066498E0
9.385533437E1,1.950444031E-1,-6.631210327E-2,9.777068481E0
9.395582038E1,1.845661926E-1,-6.017486572E-2,9.779613190E0
9.405630638E1,1.773811340E-1,-6.646179199E-2,9.801018677E0
9.415679237E1,1.963916016E-1,-6.631210327E-2,9.803862762E0
9.425727838E1,1.981878662E-1,-7.664062500E-2,9.839638367E0
9.435776438E1,1.893562317E-1,-8.262817383E-2,9.831704865E0
9.445825037E1,1.924996948E-1,-6.316864014E-2,9.823322296E0
9.455873638E1,1.767823792E-1,-6.870712280E-2,9.808203735E0
9.465922629E1,1.966909790E-1,-6.421646118E-2,9.808503113E0
9.475971229E1,1.838177490E-1,-7.469467163E-2,9.803413696E0
9.486019829E1,1.857637024E-1,-7.020401001E-2,9.787696381E0
9.496068429E1,1.877096558E-1,-5.373825073E-2,9.798623657E0
9.506117029E1,1.823208618E-1,-7.185058594E-2,9.790091400E0
9.516165629E1,1.953437805E-1,-6.975494385E-2,9.795779572E0
9.526214229E1,1.904040527E-1,-6.167175293E-2,9.814790039E0
9.536262829E1,1.908531189E-1,-7.155120850E-2,9.811496887E0
9.546311429E1,1.920506287E-1,-6.316864014E-2,9.796528015E0
9.556360029E1,1.908531189E-1,-7.394622803E-2,9.791887665E0
9.566408613E1,1.842668152E-1,-7.259902954E-2,9.808353424E0
9.576457213E1,1.936972046E-1,-6.077362061E-2,9.813442841E0
9.586505812E1,1.811233521E-1,-6.780899048E-2,9.805808716E0
9.596554413E1,1.922003174E-1,-6.990463257E-2,9.798923035E0
9.606603013E1,1.869612122E-1,-7.095245361E-2,9.805359650E0
9.616651513E1,1.992356873E-1,-7.185058594E-2,9.801916809E0
9.626700113E1,1.942959595E-1,-7.050338745E-2,9.802814941E0
9.636748713E1,1.910028076E-1,-7.948471069E-2,9.798473969E0
9.646797312E1,2.025288391E-1,-6.750961304E-2,9.806407471E0
9.656845913E1,1.883084106E-1,-6.676116943E-2,9.801467743E0
9.666894554E1,1.878593445E-1,-6.885681152E-2,9.814790039E0
9.676943154E1,1.866618347E-1,-6.511459351E-2,9.804012451E0
9.686991754E1,1.950444031E-1,-7.185058594E-2,9.806257782E0
9.697040354E1,1.830693054E-1,-7.993377686E-2,9.802515564E0
9.707088954E1,1.930984497E-1,-7.125183105E-2,9.806557159E0
9.717137554E1,1.886077881E-1,-6.885681152E-2,9.810748444E0
9.727186154E1,1.951940918E-1,-7.185058594E-2,9.814490662E0
9.737234754E1,1.947450256E-1,-6.990463257E-2,9.799970856E0
9.747283254E1,1.895059204E-1,-6.945556641E-2,9.797725525E0
9.757331854E1,1.784289551E-1,-5.269042969E-2,9.807754669E0
9.767380037E1,1.836680603E-1,-7.035369873E-2,9.800270233E0
9.777428638E1,1.990859985E-1,-5.418731689E-2,9.812245331E0
9.787477238E1,1.853146362E-1,-7.005432129E-2,9.796677704E0
9.797525837E1,1.898052979E-1,-6.735992432E-2,9.793234863E0
9.807574438E1,1.932481384E-1,-6.526428223E-2,9.796977081E0
9.817623038E1,1.957928467E-1,-6.571334839E-2,9.808652802E0
9.827671637E1,1.966909790E-1,-6.990463257E-2,9.819879456E0
9.837720238E1,1.960922241E-1,-6.765930176E-2,9.811945953E0
9.847768838E1,1.886077881E-1,-6.466552734E-2,9.798324280E0
9.857817338E1,1.860630798E-1,-6.152206421E-2,9.797276459E0
9.867865988E1,1.899549866E-1,-6.406677246E-2,9.809251556E0
9.877914588E1,1.902543640E-1,-7.469467163E-2,9.798923035E0
9.887963187E1,1.999841309E-1,-7.723937988E-2,9.807455292E0
9.898011788E1,1.936972046E-1,-6.436614990E-2,9.809550934E0
9.908060388E1,1.916015625E-1,-7.080276489E-2,9.809101868E0
9.918108987E1,1.889071655E-1,-7.095245361E-2,9.816137238E0
9.928157588E1,1.887574768E-1,-7.394622803E-2,9.801018677E0
9.938206088E1,1.841171265E-1,-6.735992432E-2,9.807006226E0
9.948254687E1,1.869612122E-1,-6.930587769E-2,9.801467743E0
9.958303288E1,1.875599670E-1,-6.750961304E-2,9.802066498E0
9.968351850E1,1.875599670E-1,-7.319778442E-2,9.808503113E0
9.978400450E1,1.960922241E-1,-6.885681152E-2,9.793683929E0
9.988449050E1,1.889071655E-1,-7.214996338E-2,9.804910583E0
9.998497650E1,1.860630798E-1,-6.526428223E-2,9.807455292E0
1.000854625E2,1.851649475E-1,-7.065307617E-2,9.803264008E0
1.001859475E2,1.951940918E-1,-7.185058594E-2,9.805509338E0
1.002864335E2,1.887574768E-1,-7.604187012E-2,9.801318054E0
1.003869195E2,1.910028076E-1,-7.155120850E-2,9.804012451E0
1.004874055E2,1.980381775E-1,-6.481521606E-2,9.794132996E0
1.005878915E2,1.881587219E-1,-6.706054688E-2,9.806557159E0
1.006883773E2,1.883084106E-1,-6.825805664E-2,9.803413696E0
1.007888623E2,1.890568542E-1,-7.544311523E-2,9.811197510E0
1.008893482E2,1.942959595E-1,-6.466552734E-2,9.801916809E0
1.009898343E2,1.829196167E-1,-6.586303711E-2,9.785900116E0
1.010903203E2,1.950444031E-1,-6.331832886E-2,9.791887665E0
1.011908063E2,1.953437805E-1,-5.703140259E-2,9.800419922E0
1.012912923E2,1.947450256E-1,-6.945556641E-2,9.814490662E0
1.013917782E2,1.778302002E-1,-7.454498291E-2,9.803563385E0
1.014922632E2,1.895059204E-1,-7.035369873E-2,9.788145447E0
1.015927493E2,1.977388000E-1,-7.170089722E-2,9.817933502E0
1.016932363E2,1.880090332E-1,-6.750961304E-2,9.808652802E0
1.017937223E2,1.923500061E-1,-6.780899048E-2,9.801168365E0
1.018942083E2,1.862127686E-1,-6.750961304E-2,9.803264008E0
1.019946933E2,1.926493835E-1,-6.376739502E-2,9.800569611E0
1.020951793E2,1.910028076E-1,-7.214996338E-2,9.796827393E0
1.021956653E2,1.884580994E-1,-7.200027466E-2,9.793085175E0
1.022961513E2,1.893562317E-1,-7.858657837E-2,9.810748444E0
1.023966373E2,1.926493835E-1,-7.738906860E-2,9.814041595E0
1.024971233E2,1.872605896E-1,-6.271957397E-2,9.811197510E0
1.025976083E2,1.860630798E-1,-6.256988525E-2,9.802814941E0
1.026980928E2,1.960922241E-1,-5.957611084E-2,9.794282684E0
1.027985788E2,1.927990723E-1,-6.571334839E-2,9.802066498E0
1.028990648E2,1.839674377E-1,-6.571334839E-2,9.797575836E0
1.029995508E2,1.899549866E-1,-6.032455444E-2,9.803862762E0
1.031000358E2,1.957928467E-1,-6.541397095E-2,9.796078949E0
1.032005218E2,1.862127686E-1,-6.945556641E-2,9.796378326E0
1.033010078E2,1.805245972E-1,-6.960525513E-2,9.812395020E0
1.034014938E2,1.898052979E-1,-6.721023560E-2,9.800419922E0
1.035019798E2,1.886077881E-1,-7.274871826E-2,9.808353424E0
1.036024648E2,1.892065430E-1,-6.391708374E-2,9.803413696E0
1.037029510E2,1.884580994E-1,-7.065307617E-2,9.800719299E0
1.038034370E2,1.968406677E-1,-6.152206421E-2,9.805209961E0
1.039039230E2,1.892065430E-1,-6.436614990E-2,9.807455292E0
1.040044090E2,1.920506287E-1,-7.200027466E-2,9.810898132E0
1.041048940E2,1.863624573E-1,-6.376739502E-2,9.790091400E0
1.042053800E2,1.874102783E-1,-7.304809570E-2,9.790690155E0
1.043058660E2,1.941462708E-1,-6.301895142E-2,9.795779572E0
1.044063520E2,1.968406677E-1,-6.900650024E-2,9.805060272E0
1.045068380E2,1.883084106E-1,-6.346801758E-2,9.802365875E0
1.046073240E2,1.941462708E-1,-6.616241455E-2,9.799821167E0
1.047078090E2,2.058219910E-1,-6.795867920E-2,9.815688171E0
1.048082950E2,1.919009399E-1,-6.242019653E-2,9.810898132E0
1.049087810E2,1.913021851E-1,-7.439529419E-2,9.814939728E0
1.050092670E2,1.803749084E-1,-6.421646118E-2,9.818382568E0
1.051097520E2,1.923500061E-1,-6.227050781E-2,9.802665253E0
1.052102380E2,1.917512512E-1,-6.885681152E-2,9.814939728E0
1.053107240E2,1.857637024E-1,-7.634124756E-2,9.798923035E0
1.054112100E2,1.821711731E-1,-6.750961304E-2,9.808952179E0
1.055116960E2,1.793270874E-1,-7.903564453E-2,9.789492645E0
1.056121810E2,1.860630798E-1,-6.975494385E-2,9.798773346E0
1.057126673E2,1.935475159E-1,-6.735992432E-2,9.799072723E0
1.058131532E2,1.983375549E-1,-7.349716187E-2,9.805659027E0
1.059136393E2,1.857637024E-1,-7.214996338E-2,9.802515564E0
1.060141253E2,1.853146362E-1,-7.020401001E-2,9.791737976E0
1.061146102E2,1.836680603E-1,-7.274871826E-2,9.788744202E0
1.062150963E2,1.860630798E-1,-7.200027466E-2,9.800569611E0
1.063155823E2,1.978884888E-1,-5.987548828E-2,9.800120544E0
1.064160682E2,1.942959595E-1,-7.619155884E-2,9.810598755E0
1.065165532E2,1.863624573E-1,-6.930587769E-2,9.806108093E0
1.066170393E2,1.977388000E-1,-6.152206421E-2,9.799072723E0
1.067175256E2,1.987866211E-1,-6.825805664E-2,9.799521790E0
1.068180116E2,1.957928467E-1,-7.244934082E-2,9.798773346E0
1.069184976E2,1.883084106E-1,-6.496490479E-2,9.794432373E0
1.070189826E2,1.939965820E-1,-6.945556641E-2,9.799671478E0
1.071194686E2,1.787283325E-1,-7.559280396E-2,9.804760895E0
1.072199546E2,1.926493835E-1,-6.691085815E-2,9.808952179E0
1.073204406E2,1.938468933E-1,-7.110214233E-2,9.801916809E0
1.074209256E2,1.901046753E-1,-7.379653931E-2,9.806856537E0
1.075214116E2,1.869612122E-1,-5.957611084E-2,9.807155914E0
1.076218976E2,1.851649475E-1,-7.229965210E-2,9.805359650E0
1.077223828E2,2.001338196E-1,-6.795867920E-2,9.810000000E0
1.078228678E2,1.907034302E-1,-7.259902954E-2,9.803713074E0
1.079233537E2,1.932481384E-1,-6.047424316E-2,9.797725525E0
1.080238398E2,1.835183716E-1,-6.316864014E-2,9.797875214E0
1.081243258E2,1.950444031E-1,-7.514373779E-2,9.801168365E0
1.082248108E2,1.850152588E-1,-7.559280396E-2,9.796677704E0
1.083252968E2,1.904040527E-1,-6.840774536E-2,9.797426147E0
1.084257828E2,1.913021851E-1,-5.972579956E-2,9.797276459E0
1.085262678E2,1.941462708E-1,-6.945556641E-2,9.798024902E0
1.086267537E2,1.910028076E-1,-6.331832886E-2,9.795629883E0
1.087272401E2,1.872605896E-1,-6.376739502E-2,9.793833618E0
1.088277261E2,1.942959595E-1,-5.837860107E-2,9.793683929E0
1.089282111E2,1.884580994E-1,-6.900650024E-2,9.791139221E0
1.090286971E2,1.926493835E-1,-6.436614990E-2,9.816436615E0
1.091291831E2,1.905537415E-1,-6.601272583E-2,9.804162140E0
1.092296691E2,1.984872437E-1,-6.601272583E-2,9.802515564E0
1.093301541E2,1.898052979E-1,-7.304809570E-2,9.814640350E0
1.094306401E2,2.044747925E-1,-6.331832886E-2,9.805659027E0
1.095311261E2,1.850152588E-1,-6.316864014E-2,9.808203735E0
1.096316121E2,1.832189941E-1,-7.170089722E-2,9.799671478E0
1.097320977E2,1.935475159E-1,-6.616241455E-2,9.803563385E0
1.098325837E2,1.893562317E-1,-6.436614990E-2,9.800719299E0
1.099330697E2,1.922003174E-1,-7.349716187E-2,9.807305603E0
1.100335547E2,1.923500061E-1,-7.110214233E-2,9.808503113E0
1.101340407E2,1.899549866E-1,-6.316864014E-2,9.808652802E0
1.102345267E2,1.838177490E-1,-7.484436035E-2,9.805060272E0
1.103350127E2,1.889071655E-1,-7.050338745E-2,9.810000000E0
1.104354977E2,1.957928467E-1,-6.271957397E-2,9.790540466E0
1.105359837E2,1.860630798E-1,-6.706054688E-2,9.794432373E0
1.106364697E2,1.945953369E-1,-6.286926270E-2,9.803413696E0
1.107369545E2,1.984872437E-1,-7.110214233E-2,9.804611206E0
1.108374405E2,1.968406677E-1,-6.526428223E-2,9.817484436E0
1.109379265E2,1.866618347E-1,-6.855743408E-2,9.797725525E0
1.110384115E2,1.948947144E-1,-6.256988525E-2,9.812544708E0
1.111388975E2,1.938468933E-1,-7.065307617E-2,9.804162140E0
1.112393835E2,1.926493835E-1,-7.020401001E-2,9.819879456E0
1.113398695E2,1.911524963E-1,-6.586303711E-2,9.794731750E0
1.114403545E2,1.969903564E-1,-6.646179199E-2,9.789043579E0
1.115408405E2,1.893562317E-1,-7.469467163E-2,9.804012451E0
1.116413265E2,1.923500061E-1,-6.586303711E-2,9.817035370E0
1.117418113E2,1.965412903E-1,-7.244934082E-2,9.810299377E0
1.118422972E2,1.857637024E-1,-7.229965210E-2,9.799372101E0
1.119427833E2,1.953437805E-1,-6.451583862E-2,9.796528015E0
1.120432683E2,1.865121460E-1,-7.005432129E-2,9.809101868E0
1.121437542E2,1.945953369E-1,-7.050338745E-2,9.790241089E0
1.122442403E2,1.827699280E-1,-6.930587769E-2,9.798473969E0
1.123447253E2,1.984872437E-1,-6.706054688E-2,9.802665253E0
1.124452113E2,1.812730408E-1,-6.032455444E-2,9.811646576E0
1.125456972E2,1.930984497E-1,-6.750961304E-2,9.820478210E0
1.126461822E2,1.974394226E-1,-6.346801758E-2,9.800719299E0
1.127466681E2,1.871109009E-1,-6.661148071E-2,9.806108093E0
1.128471541E2,1.981878662E-1,-6.900650024E-2,9.806407471E0
1.129476391E2,1.933978271E-1,-7.304809570E-2,9.803264008E0
1.130481251E2,1.842668152E-1,-6.721023560E-2,9.803563385E0
1.131486111E2,1.865121460E-1,-6.316864014E-2,9.795031128E0
1.132490961E2,1.983375549E-1,-6.810836792E-2,9.802066498E0
1.133495821E2,1.957928467E-1,-7.244934082E-2,9.795629883E0
1.134500681E2,1.869612122E-1,-6.077362061E-2,9.804760895E0
1.135505531E2,1.916015625E-1,-6.780899048E-2,9.826166382E0
1.136510391E2,1.896556091E-1,-6.975494385E-2,9.798024902E0
1.137515254E2,1.839674377E-1,-6.840774536E-2,9.806557159E0
1.138520104E2,1.845661926E-1,-6.840774536E-2,9.808503113E0
1.139524964E2,1.968406677E-1,-6.242019653E-2,9.797575836E0
1.140529824E2,1.833686829E-1,-6.691085815E-2,9.806108093E0
1.141534674E2,1.902543640E-1,-8.098159790E-2,9.807006226E0
1.142539534E2,1.851649475E-1,-6.256988525E-2,9.803713074E0
1.143544394E2,1.871109009E-1,-8.412506104E-2,9.800120544E0
1.144549244E2,1.836680603E-1,-6.301895142E-2,9.786648560E0
1.145554104E2,1.883084106E-1,-7.484436035E-2,9.814041595E0
1.146558964E2,1.944456482E-1,-6.002517700E-2,9.797426147E0
1.147563814E2,1.836680603E-1,-7.469467163E-2,9.826166382E0
1.148568674E2,1.984872437E-1,-6.496490479E-2,9.806407471E0
1.149573534E2,1.920506287E-1,-7.783813477E-2,9.817783813E0
1.150578384E2,1.851649475E-1,-7.065307617E-2,9.796078949E0
1.151583244E2,1.902543640E-1,-6.915618896E-2,9.819131012E0
1.152588104E2,1.827699280E-1,-6.511459351E-2,9.807604980E0
1.153592954E2,1.856140137E-1,-6.825805664E-2,9.798773346E0
1.154597814E2,1.892065430E-1,-6.676116943E-2,9.806856537E0
1.155602664E2,1.929487610E-1,-6.840774536E-2,9.811047821E0
1.156607517E2,1.910028076E-1,-6.840774536E-2,9.802964630E0
1.157612378E2,2.008822632E-1,-7.229965210E-2,9.801916809E0
1.158617228E2,1.869612122E-1,-7.200027466E-2,9.806856537E0
1.159622088E2,1.904040527E-1,-6.541397095E-2,9.800868988E0
1.160626938E2,1.862127686E-1,-6.256988525E-2,9.805060272E0
1.161631798E2,1.823208618E-1,-7.095245361E-2,9.804162140E0
1.162636658E2,1.948947144E-1,-7.379653931E-2,9.797875214E0
1.163641508E2,1.889071655E-1,-6.466552734E-2,9.809401245E0
1.164646367E2,1.844165039E-1,-6.735992432E-2,9.799970856E0
1.165651228E2,1.896556091E-1,-7.274871826E-2,9.805958405E0
1.166656123E2,1.869612122E-1,-5.957611084E-2,9.808203735E0
1.167660982E2,1.936972046E-1,-7.858657837E-2,9.811197510E0
1.168665832E2,1.808239746E-1,-5.748046875E-2,9.794282684E0
1.169670693E2,1.842668152E-1,-6.661148071E-2,9.792037354E0
1.170675553E2,1.965412903E-1,-7.050338745E-2,9.799671478E0
1.171680402E2,1.911524963E-1,-7.828720093E-2,9.819430389E0
1.172685263E2,1.887574768E-1,-6.601272583E-2,9.802515564E0
1.173690113E2,1.905537415E-1,-6.661148071E-2,9.790091400E0
1.174694973E2,1.842668152E-1,-6.810836792E-2,9.787696381E0
1.175699832E2,1.975891113E-1,-5.613327026E-2,9.784702606E0
1.176704679E2,2.013313293E-1,-6.990463257E-2,9.799521790E0
1.177709539E2,1.996847534E-1,-6.271957397E-2,9.818981323E0
1.178714389E2,1.868115234E-1,-6.810836792E-2,9.796078949E0
1.179719249E2,1.871109009E-1,-7.723937988E-2,9.793833618E0
1.180724109E2,1.878593445E-1,-6.511459351E-2,9.798923035E0
1.181728959E2,1.799258423E-1,-6.586303711E-2,9.806257782E0
1.182733819E2,1.963916016E-1,-6.825805664E-2,9.792486420E0
1.183738669E2,1.896556091E-1,-5.852828979E-2,9.793085175E0
1.184743529E2,1.871109009E-1,-6.721023560E-2,9.805958405E0
1.185748379E2,1.847158813E-1,-6.586303711E-2,9.806706848E0
1.186753204E2,1.933978271E-1,-6.721023560E-2,9.806557159E0
1.187758064E2,1.865121460E-1,-7.035369873E-2,9.799222412E0
1.188762914E2,1.896556091E-1,-6.346801758E-2,9.806257782E0
1.189767774E2,1.917512512E-1,-6.451583862E-2,9.800270233E0
1.190772624E2,1.911524963E-1,-6.601272583E-2,9.815538483E0
1.191777484E2,1.914518738E-1,-6.765930176E-2,9.804311829E0
1.192782344E2,1.908531189E-1,-6.286926270E-2,9.801916809E0
1.193787194E2,1.956431580E-1,-6.795867920E-2,9.798773346E0
1.194792054E2,1.866618347E-1,-7.170089722E-2,9.805808716E0
1.195796904E2,1.932481384E-1,-7.050338745E-2,9.791887665E0
1.196801762E2,1.862127686E-1,-6.466552734E-2,9.814041595E0
1.197806612E2,1.923500061E-1,-7.574249268E-2,9.808503113E0
1.198811473E2,1.923500061E-1,-6.541397095E-2,9.814191284E0
1.199816333E2,1.929487610E-1,-6.975494385E-2,9.806856537E0