"Time (s)","X (rad/s)","Y (rad/s)","Z (rad/s)"
6.029600001E-2,4.528826103E-4,2.523418516E-6,6.233777385E-4
1.607880000E-1,1.957446337E-3,1.458116341E-3,-6.205376703E-4
2.612800000E-1,2.488155849E-3,-2.813766245E-3,-1.252817106E-3
3.617720000E-1,-2.863856964E-3,1.675551757E-3,-9.571295232E-4
4.622650000E-1,7.319739088E-4,-1.328278799E-3,-1.541371341E-3
5.627570000E-1,5.374681205E-4,7.698964328E-4,1.070748549E-4
6.632490000E-1,-1.034427434E-3,-1.026568469E-3,-1.145764953E-3
7.637410000E-1,8.866256103E-4,1.716530416E-3,1.170878764E-3
8.642290000E-1,1.391496509E-3,-2.429893706E-3,4.989737645E-4
9.647210000E-1,1.172760502E-3,1.444351859E-3,-5.712457933E-4
1.065213000E0,2.141802572E-3,9.645055979E-4,3.738417290E-4
1.165705000E0,-2.204561606E-3,4.943558015E-4,9.602513164E-4
1.266197000E0,-2.084191889E-3,-3.901664168E-4,-2.449264284E-4
1.366690000E0,1.258024015E-3,3.764749505E-3,2.211381216E-4
1.467182000E0,1.096860506E-3,1.627744175E-3,9.271749295E-4
1.567674000E0,-2.830758691E-3,9.646136314E-4,-1.163439476E-3
1.668165000E0,1.721426845E-3,2.512669191E-3,2.267754171E-4
1.768657000E0,-1.210359856E-3,-3.420356661E-4,2.676520962E-4
1.869149667E0,2.304056659E-3,3.727907315E-4,-1.800390193E-3
1.969641667E0,5.521923304E-4,4.393528216E-4,1.686157193E-3
2.070133667E0,1.094472595E-3,1.158378087E-3,-7.979872171E-4
2.170625667E0,1.405971125E-4,-2.032093704E-3,-9.152907878E-4
2.271117667E0,1.293252222E-3,-1.765032299E-3,1.645561308E-3
2.371609667E0,-1.003252342E-3,2.413163893E-4,-1.112629776E-3
2.472101667E0,8.779577911E-5,1.100425143E-3,6.856860127E-4
2.572593667E0,3.258595243E-4,7.396596484E-4,-2.553435043E-4
2.673084667E0,2.212785184E-4,1.487252302E-4,2.689545276E-3
2.773576667E0,6.050849333E-4,2.294047736E-3,5.423265975E-4
2.874068542E0,-2.048567869E-3,-7.300078869E-5,1.960546011E-3
2.974560542E0,-1.753864810E-3,2.795650624E-3,-4.813228734E-4
3.075051542E0,1.580465585E-3,1.799838152E-3,1.592176501E-3
3.175543542E0,-1.084696501E-3,-1.187366433E-3,5.557031836E-4
3.276035542E0,3.797682002E-4,1.373859122E-4,1.259781886E-3
3.376526542E0,-1.476611011E-3,1.821366604E-3,4.643967841E-4
3.477018542E0,9.502572939E-4,2.639642917E-4,-1.729423646E-3
3.577510542E0,2.050166950E-4,1.158896368E-3,-2.651428338E-3
3.678001542E0,4.406315275E-3,-4.092375748E-4,2.855265047E-4
3.778493542E0,-3.900220618E-4,-6.668334827E-4,-1.399661647E-3
3.878984292E0,-1.566553488E-3,5.062390119E-4,-9.375121444E-4
3.979476292E0,-1.389339566E-3,-1.626621932E-3,1.432976685E-3
4.079967292E0,2.603983507E-3,3.475858830E-4,-3.273258917E-4
4.180459292E0,5.386304110E-5,2.362713218E-3,1.110393321E-3
4.280951292E0,-4.858747125E-4,-1.706819981E-3,-2.808636054E-6
4.381442292E0,-3.083609045E-4,-1.239492092E-3,2.467529848E-3
4.481933292E0,2.014404163E-4,-7.488019764E-5,2.580764005E-3
4.582425292E0,-2.735807560E-3,5.909311585E-4,7.833580021E-4
4.682916292E0,-9.144600481E-4,-1.874845475E-3,-9.253991302E-4
4.783408292E0,6.302511320E-4,3.226650879E-4,1.709864475E-3
4.883899417E0,4.563480616E-5,2.096016891E-3,-1.304588164E-3
4.984390417E0,5.972664803E-5,-6.450000219E-4,2.877658699E-4
5.084882417E0,-7.112799212E-4,-5.408423021E-4,-9.591791313E-4
5.185373417E0,1.293197274E-4,-1.734306104E-3,-1.523112413E-3
5.285864417E0,-2.419268712E-4,8.150432259E-4,-1.021589385E-3
5.386356417E0,-7.364293560E-4,1.398529392E-3,-1.151633915E-4
5.486847417E0,4.191119224E-4,-2.752621658E-4,-9.633097798E-4
5.587338417E0,-5.738232285E-4,-3.614629852E-3,6.729883607E-4
5.687830417E0,7.585007697E-4,-8.244020864E-4,1.302176155E-3
5.788321417E0,5.111461505E-4,-1.259681303E-3,3.795303637E-3
5.888812625E0,4.795286804E-4,-2.233417239E-3,7.670088671E-4
5.989303625E0,-1.963063143E-3,5.741445348E-4,-2.054779325E-4
6.089794625E0,-1.473557204E-3,-3.382315161E-3,3.522350453E-4
6.190286625E0,7.635932416E-4,-1.052123494E-3,1.953081228E-4
6.290777625E0,2.411752008E-3,-1.360553782E-3,5.828277208E-4
6.391268625E0,-5.298014730E-4,-5.135596730E-4,-2.740232740E-4
6.491759625E0,-3.213584423E-4,7.182140835E-4,-1.535537187E-3
6.592250625E0,-1.623537391E-4,2.909156494E-3,-8.105642628E-4
6.692741625E0,-2.837236971E-4,3.036849666E-3,5.258573219E-4
6.793232042E0,4.188986495E-4,-8.702799678E-4,4.581646062E-4
6.893723042E0,-1.111268997E-3,-1.506248489E-3,-1.137984218E-3
6.994214042E0,-1.617157832E-4,2.117913682E-3,-2.156519564E-3
7.094705042E0,-1.657120883E-3,7.806140929E-4,6.153383292E-4
7.195196042E0,-7.263589650E-4,-1.982804388E-4,-3.282299731E-3
7.295687042E0,9.292205796E-4,6.205276586E-4,7.175593637E-4
7.396178042E0,-7.279729471E-4,-4.837182350E-4,-6.434023380E-4
7.496669042E0,1.627788879E-3,1.577065326E-3,1.724027330E-3
7.597160042E0,1.108335331E-3,-1.277753618E-3,-2.735538874E-4
7.697651042E0,7.888460532E-4,-7.517114282E-4,3.351708874E-4
7.798142375E0,-1.870337874E-4,-2.282653470E-3,1.075310633E-3
7.898633375E0,-6.305398419E-4,5.676713772E-4,4.960193764E-4
7.999124375E0,1.017339528E-4,-2.273102757E-3,5.687812809E-4
8.099615375E0,1.119134016E-3,-3.838916309E-4,1.744676149E-3
8.200106375E0,1.142853871E-4,-1.199823339E-3,1.750061521E-3
8.300597375E0,1.499583945E-3,2.910257317E-4,-6.929538213E-4
8.401087375E0,-1.103171147E-3,-1.467355993E-3,-6.409061607E-4
8.501578375E0,-7.945811376E-4,-1.011739019E-3,-3.498909064E-5
8.602069375E0,-2.860336564E-3,2.698388416E-3,-7.893026341E-4
8.702560375E0,-1.211198978E-3,9.253481403E-5,-5.659547169E-4
8.803052042E0,2.205516212E-3,2.718372270E-4,2.171497792E-3
8.903543042E0,-9.232712910E-4,2.232077532E-4,-2.720530843E-3
9.004034042E0,-2.598826773E-3,-6.747557782E-4,9.404257871E-4
9.104525042E0,1.512206160E-3,-1.578897238E-3,-5.444325507E-4
9.205016042E0,3.407383338E-4,6.704311818E-5,1.912139356E-3
9.305506042E0,-6.343703717E-5,2.954522613E-3,2.663198858E-3
9.405997042E0,1.409932971E-3,1.896121539E-3,6.587821990E-4
9.506488042E0,-1.016277820E-3,2.809017431E-3,6.046786439E-4
9.606979042E0,1.091725193E-3,2.375099342E-3,9.146241937E-4
9.707470042E0,7.542055100E-4,-3.146061208E-3,4.493063316E-4
9.807960875E0,-9.196847677E-4,1.598119736E-3,1.841741148E-3
9.908451875E0,-2.910027280E-3,3.747205250E-3,4.476348404E-4
1.000894287E1,-2.076754346E-3,-1.363526564E-3,-6.862876471E-4
1.010943388E1,-1.167005859E-3,-1.090602018E-4,4.756248090E-4
1.020992488E1,-1.210915856E-3,1.589934342E-3,1.248868648E-3
1.031041587E1,2.694828436E-3,-1.111871563E-3,-2.963885199E-3
1.041090688E1,-1.618776470E-3,5.559790879E-4,6.989175454E-4
1.051139788E1,4.812506959E-4,2.624164335E-3,1.736413455E-3
1.061188887E1,4.820199683E-4,-4.330673255E-4,-1.082614297E-3
1.071237988E1,7.486287504E-4,-2.101692371E-3,-6.818980910E-4
1.081287113E1,-1.307273284E-3,1.826592721E-3,-4.419719335E-4
1.091336212E1,-1.677591354E-3,1.327508595E-3,-2.075368538E-4
1.101385313E1,4.567569122E-4,-2.096670680E-3,-1.110010315E-3
1.111434413E1,1.409603283E-4,-2.240885049E-3,-1.200331259E-3
1.121483512E1,1.015755348E-3,1.677127555E-3,-2.144020982E-5
1.131532613E1,2.613917924E-3,-1.301223412E-3,4.406489898E-4
1.141581713E1,1.282494515E-3,-1.288285013E-3,7.771796081E-4
1.151630812E1,9.020641446E-4,-2.270867117E-4,-9.118958842E-4
1.161679913E1,1.741480082E-5,7.017091848E-4,4.339623265E-4
1.171729013E1,8.403491229E-4,4.327371716E-4,-3.224037588E-3
1.181778462E1,8.088834584E-4,1.652934123E-3,6.335827056E-4
1.191827563E1,-8.219853044E-4,-7.467628457E-4,7.718882989E-4
1.201876662E1,-1.098960638E-5,-5.272910930E-4,7.161418907E-4
1.211925762E1,1.360168681E-3,1.503984910E-3,1.193455886E-3
1.221974863E1,4.268921912E-4,-2.794208471E-3,-2.625766210E-4
1.232023962E1,-2.805888653E-4,-2.960682381E-3,2.114314353E-3
1.242073062E1,-8.646128699E-4,2.904537600E-3,1.303604571E-3
1.252122163E1,7.734633982E-5,8.187396452E-4,-1.381368609E-3
1.262171262E1,9.320070967E-4,6.685117260E-4,1.288733212E-3
1.272220362E1,2.314721234E-3,1.578547060E-3,8.378177881E-4
1.282269038E1,-1.260486431E-3,9.369449690E-4,8.056918159E-5
1.292318137E1,2.844044939E-4,-2.916339319E-3,1.004849793E-3
1.302367238E1,-2.062506974E-4,-1.379018649E-3,-1.314810012E-3
1.312416338E1,8.034510538E-4,9.620687924E-4,1.336043002E-3
1.322465437E1,1.264707185E-3,-4.419707693E-4,-8.997991681E-4
1.332514538E1,-1.509300433E-3,7.190937176E-4,-1.348866615E-3
1.342563638E1,-3.846620210E-3,8.823904209E-4,5.619747099E-4
1.352612737E1,-2.670390531E-4,-2.363059204E-3,-8.016622160E-4
1.362661838E1,-1.520987600E-3,9.799422696E-5,-2.339252271E-3
1.372710938E1,6.875311956E-4,1.067237929E-3,2.468544990E-3
1.382759975E1,5.118846893E-4,1.530465204E-3,-2.239707392E-3
1.392809075E1,-4.608081654E-4,-3.040002659E-3,-2.500422997E-3
1.402858175E1,-4.816362634E-4,6.740163080E-4,-2.220253227E-3
1.412907275E1,1.763434149E-3,-9.962986223E-4,9.979989845E-4
1.422956275E1,1.465203241E-3,-1.424649265E-3,4.961192608E-4
1.433005375E1,-1.061807387E-3,3.344905563E-4,1.607364975E-3
1.443054475E1,-1.799026504E-4,-1.760992222E-3,1.180519816E-3
1.453103575E1,1.091899350E-3,-6.571030244E-4,2.479264513E-4
1.463152675E1,4.464685917E-4,1.264190301E-3,9.824279696E-4
1.473201775E1,1.336238347E-3,-1.024096273E-3,-6.397087127E-4
1.483250975E1,-1.446182840E-3,-1.996996347E-3,3.653045278E-4
1.493300075E1,-2.621794119E-4,-1.951078884E-4,3.147665411E-4
1.503349175E1,3.270516172E-4,-2.164094709E-3,4.330051597E-4
1.513398275E1,1.479294151E-4,-4.004436545E-3,-5.807983689E-4
1.523447375E1,-2.163707279E-3,1.621195115E-4,1.624208875E-3
1.533496475E1,-2.063451335E-3,2.183443867E-3,2.081681974E-3
1.543545575E1,1.273301430E-3,-1.277315430E-3,-2.454756759E-4
1.553594675E1,1.993739046E-3,-1.761846710E-3,-1.937796827E-3
1.563643675E1,2.270793542E-3,2.931467257E-3,1.948925201E-3
1.573692775E1,8.094646037E-4,-1.252002548E-3,-9.432318620E-4
1.583741850E1,6.618443877E-5,-4.285182804E-4,-3.755767830E-5
1.593790950E1,2.572536469E-4,-3.006686457E-4,-3.512322670E-3
1.603840050E1,2.528368495E-3,-4.628798924E-4,7.363036275E-6
1.613889150E1,2.178652212E-4,6.604231894E-4,-7.491745055E-4
1.623938250E1,-2.669845708E-3,-5.456185900E-4,-2.532324288E-4
1.633987350E1,1.641757786E-3,6.452905945E-4,-7.486415561E-4
1.644036450E1,8.551795036E-4,-1.648721285E-3,-4.266249016E-5
1.654085450E1,-5.934964865E-4,-2.560182475E-4,1.458993647E-4
1.664134550E1,-6.866427138E-4,-1.463383436E-3,2.289961558E-4
1.674183650E1,-2.133911476E-4,8.076056838E-4,-2.977552358E-4
1.684232737E1,1.132478938E-3,4.014936276E-4,1.477727899E-3
1.694281838E1,-1.723976806E-3,2.420125529E-4,-7.190534379E-4
1.704330938E1,1.161054708E-3,9.796218947E-4,-1.786488574E-4
1.714379938E1,-1.317936927E-3,-7.787677459E-4,-3.968225792E-4
1.724429038E1,1.856312156E-5,-2.135988325E-3,-7.002393249E-4
1.734478137E1,-5.155494437E-4,2.387911081E-5,2.042825799E-3
1.744527238E1,2.573318779E-4,-8.247639053E-4,2.848568838E-3
1.754576338E1,-2.932309173E-3,2.935505472E-4,1.789746108E-3
1.764625337E1,2.770423889E-4,7.825680077E-4,1.017020782E-3
1.774674438E1,1.495909877E-3,-7.312297821E-4,7.833312266E-4
1.784723562E1,1.013277099E-3,-5.184053443E-4,-2.659857273E-5
1.794772662E1,-1.851340756E-3,-1.898290124E-3,3.147257958E-4
1.804821763E1,-1.430049539E-3,-9.746919386E-4,1.038396964E-3
1.814870762E1,-3.039110452E-4,1.610062551E-3,1.396867447E-4
1.824919863E1,-9.519187734E-4,1.680891495E-3,-4.728592467E-4
1.834968962E1,2.940744162E-4,2.474509180E-3,2.885668073E-4
1.845018062E1,-1.824696548E-3,2.307407558E-4,1.562043326E-3
1.855067063E1,-1.308479346E-3,-2.582388464E-3,-2.309944481E-3
1.865116162E1,1.757138409E-3,4.827869125E-4,8.333844598E-4
1.875165263E1,1.772679389E-4,5.055759102E-4,1.868384425E-4
1.885214237E1,-1.403633505E-4,7.011368871E-5,1.823260216E-3
1.895263338E1,-5.631623790E-4,1.501413062E-4,9.827660397E-4
1.905312438E1,1.054520719E-3,2.220497467E-3,2.105541760E-3
1.915361537E1,6.440887228E-4,-9.651673026E-4,-8.451819886E-4
1.925410538E1,-2.107156441E-3,-1.285912935E-3,7.533873431E-4
1.935459637E1,2.113857307E-3,-3.766305745E-4,-4.732077941E-4
1.945508738E1,6.634714082E-4,9.269076400E-4,-3.345021978E-4
1.955557737E1,-5.789333954E-4,-2.189715859E-3,-4.791987594E-4
1.965606838E1,8.007120341E-4,-1.690770499E-3,-1.361020375E-3
1.975655938E1,-2.196626738E-3,-1.053453889E-3,1.742213266E-3
1.985705337E1,-8.444860578E-5,2.835136838E-4,-7.429539692E-4
1.995754438E1,9.630797431E-4,-5.087149329E-4,-7.052279543E-4
2.005803537E1,7.550781593E-4,1.565458719E-3,8.273411077E-4
2.015852637E1,-8.448986337E-4,-1.847356558E-3,1.400413690E-3
2.025901637E1,-4.566926509E-4,-4.839641042E-4,3.871910740E-4
2.035950737E1,2.507837489E-4,-6.328909658E-4,-6.142654456E-5
2.045999738E1,1.195856370E-3,-1.221657265E-3,-2.892825985E-3
2.056048837E1,-6.239758804E-4,-2.204362303E-3,-1.174928620E-3
2.066097938E1,-7.047001272E-4,6.703678519E-4,2.285772935E-4
2.076146937E1,4.071276635E-4,-1.113345381E-3,-1.948940568E-3
2.086195642E1,-1.619079150E-3,-8.208225481E-4,-1.439383137E-3
2.096244742E1,1.480512321E-3,-1.601967961E-5,2.372416202E-4
2.106293742E1,7.755570114E-4,3.938554320E-3,1.039930852E-3
2.116342842E1,-2.709477209E-3,-1.167794690E-4,-2.619675361E-4
2.126391842E1,-3.114978783E-3,3.587580286E-4,1.001362689E-4
2.136440942E1,3.505800851E-3,-4.469663836E-4,1.420711633E-3
2.146489942E1,8.179182187E-4,-1.502473373E-3,1.453626435E-3
2.156539042E1,6.540706381E-4,-1.725074835E-3,-2.396362368E-3
2.166588042E1,-9.687971324E-4,-1.361228991E-3,-3.107630182E-4
2.176637142E1,1.027819701E-3,3.443150781E-4,1.543673687E-3
2.186686187E1,2.986015752E-4,8.721053600E-4,-8.346471004E-4
2.196735288E1,3.262301907E-4,-2.125419676E-3,-2.165535931E-3
2.206784287E1,-6.442228332E-4,4.197759554E-4,5.840130616E-4
2.216833388E1,-8.987775072E-4,2.828524448E-4,1.524124527E-3
2.226882387E1,2.290291712E-3,-1.206572168E-3,4.544807598E-5
2.236931388E1,2.482181415E-3,-4.291171208E-4,-2.014404163E-5
2.246980487E1,-7.114000618E-4,3.839470446E-5,-3.239978105E-4
2.257029488E1,8.783927187E-4,-1.143786125E-3,7.689092308E-5
2.267078487E1,5.646515638E-4,-6.123781204E-4,1.052002190E-3
2.277127588E1,4.168797284E-3,1.388755627E-3,8.849848527E-4
2.287176562E1,1.770257019E-3,2.336469479E-4,1.103309914E-4
2.297225563E1,7.370831445E-4,-1.999679953E-3,-4.821876064E-5
2.307274562E1,4.567261785E-4,-1.810761169E-4,4.564737901E-4
2.317323663E1,1.930607483E-3,1.406700350E-3,-1.186164329E-3
2.327372662E1,-1.277148724E-3,-1.489911694E-3,-9.183555376E-4
2.337421663E1,-8.570263162E-4,-1.892178319E-3,-1.527671702E-4
2.347470663E1,1.058299094E-3,-9.239860810E-4,-1.909954590E-3
2.357519662E1,-1.033814624E-4,-2.069352195E-4,1.740814419E-3
2.367568663E1,1.316174865E-3,9.374013171E-4,1.135332510E-3
2.377617662E1,-1.772034913E-3,1.104088500E-3,-1.004477032E-3
2.387666688E1,5.721682683E-4,1.443523914E-3,-1.033230685E-3
2.397715787E1,2.309130505E-3,-4.050275311E-5,-1.119719585E-3
2.407764788E1,-1.099217683E-3,1.333625987E-4,-8.403207175E-4
2.417813787E1,-2.060566097E-3,2.724251244E-3,-9.175217710E-4
2.427862787E1,1.779280603E-3,-1.438594423E-3,-2.120781690E-3
2.437911788E1,1.486242749E-3,-7.988731377E-4,-1.061111223E-3
2.447960787E1,2.239931375E-3,4.148678854E-4,1.074471278E-3
2.458009788E1,1.763823442E-3,-9.148162790E-4,1.272899797E-3
2.468058688E1,7.360558957E-4,3.423499875E-4,5.382043310E-5
2.478107687E1,-9.962832555E-4,2.550478093E-4,-1.269225031E-4
2.488156987E1,9.456649423E-6,-4.660943523E-5,-4.787836224E-4
2.498205988E1,-2.745107748E-3,6.873225793E-4,-1.521271188E-4
2.508254987E1,1.077421010E-3,1.452487893E-3,2.698427998E-4
2.518303988E1,-1.145349815E-4,-3.125369549E-4,-1.944416435E-3
2.528352988E1,5.266778171E-4,2.755634021E-3,1.215848373E-3
2.538401987E1,2.366101369E-3,1.844945829E-3,-1.720964559E-3
2.548450888E1,7.628742605E-5,-2.422830090E-3,-8.627937641E-4
2.558499888E1,-2.378234640E-3,8.561187424E-4,1.765252091E-3
2.568548887E1,-1.183487475E-4,-1.054302789E-3,3.054623958E-4
2.578597888E1,1.636784524E-3,-9.345179424E-4,1.695198705E-3
2.588646438E1,-2.141004428E-3,1.928302459E-3,-2.174172550E-5
2.598695437E1,6.036367267E-4,2.356570214E-3,-1.955129672E-3
2.608744438E1,2.094118856E-3,-1.556356438E-4,1.569163054E-3
2.618793437E1,-1.106263138E-3,-9.993892163E-4,-7.662929129E-4
2.628842337E1,-1.959852874E-3,1.449617557E-4,5.074846558E-4
2.638891338E1,3.520582803E-3,-2.860200591E-3,-2.542291768E-4
2.648940337E1,2.979324199E-3,-5.580149591E-4,-7.964812685E-4
2.658989237E1,-1.959459856E-3,1.883599907E-5,-2.116494579E-3
2.669038238E1,-1.010268927E-3,4.611792974E-4,1.116027357E-3
2.679087138E1,4.648976028E-5,-1.129634678E-3,9.800649714E-4
2.689136204E1,-4.161885008E-4,1.547052991E-3,4.964768887E-4
2.699185204E1,-1.654094085E-3,5.901185796E-4,2.217036672E-4
2.709234104E1,-5.603767931E-4,-7.821549661E-4,-5.304485094E-4
2.719283104E1,-2.062565647E-3,1.391586848E-3,-2.604820766E-4
2.729332004E1,-9.263465181E-4,-3.648926504E-4,-1.249393448E-3
2.739381004E1,-5.989540368E-4,-5.776621401E-4,-1.389012672E-3
2.749429904E1,6.443727762E-5,6.337594241E-4,-7.270385977E-4
2.759478904E1,2.601556480E-4,-1.721645705E-3,2.004918642E-4
2.769527804E1,1.027708873E-3,-2.645593602E-3,-3.822939470E-5
2.779576804E1,1.251408830E-4,1.949476078E-3,-1.826578635E-3
2.789625654E1,-7.723551244E-5,4.860735498E-4,7.113956381E-4
2.799674654E1,2.135382034E-3,1.535904594E-3,-8.399188519E-4
2.809723554E1,2.838504501E-3,1.418424305E-3,-7.966703270E-4
2.819772454E1,-2.771912143E-3,-2.077671699E-3,-4.396976437E-4
2.829821454E1,1.587915234E-3,4.856269807E-4,-1.079556183E-3
2.839870354E1,2.482691780E-3,-1.873241272E-3,-1.545182895E-3
2.849919354E1,2.959263511E-3,-1.066033263E-3,8.100993000E-4
2.859968254E1,6.903801113E-5,6.778007373E-4,-1.713777892E-4
2.870017154E1,6.438102573E-4,1.798131038E-3,-7.441919297E-5
2.880066154E1,-3.278786317E-4,-5.503366701E-4,1.634745160E-3
2.890115092E1,-3.972118720E-4,-1.663768198E-3,-1.038606279E-3
2.900163992E1,6.477311254E-4,1.828655135E-3,6.139103789E-4
2.910212992E1,3.346344456E-4,1.341036055E-3,-8.500204422E-5
2.920261892E1,-2.774279565E-4,-3.372132545E-3,-1.181056956E-3
2.930310792E1,-6.294306368E-4,-3.232043236E-4,6.959098391E-5
2.940359692E1,-2.119478770E-3,-1.111993566E-3,-1.046221703E-3
2.950408692E1,2.881778404E-3,-1.313219778E-3,-8.053730708E-4
2.960457592E1,9.459536523E-5,5.185767077E-4,1.855904702E-4
2.970506492E1,1.101240516E-3,3.906581551E-4,-4.577143118E-4
2.980555392E1,6.178934127E-4,1.264541876E-3,5.121631548E-4
2.990604300E1,1.833313145E-3,2.369954716E-3,-4.812940024E-4
3.000653300E1,1.482022926E-3,8.458397351E-4,-1.207145746E-3
3.010702200E1,1.231930219E-3,1.281893346E-3,5.742029753E-4
3.020751100E1,8.472129703E-4,-4.569059238E-4,-1.818244345E-4
3.030800000E1,1.856468618E-3,1.601019409E-3,-5.183380563E-4
3.040848900E1,-3.720736131E-4,-1.837688033E-3,2.370711882E-4
3.050897800E1,7.243771106E-4,1.361860894E-3,-1.110099256E-3
3.060946700E1,-4.478236660E-4,-1.202971209E-3,2.913107164E-4
3.070995600E1,-3.557167947E-4,-2.596828621E-3,9.647738189E-4
3.081044500E1,3.793044016E-4,2.271968406E-3,-1.035901718E-3
3.091093329E1,-2.191351727E-3,1.244353596E-3,2.448199084E-3
3.101142229E1,9.443629533E-4,-1.931296196E-3,-2.169988584E-3
3.111191129E1,5.674362183E-4,2.563651651E-4,5.019884557E-4
3.121240029E1,2.447021194E-3,7.043113001E-4,2.915717196E-4
3.131288929E1,-6.857998669E-4,-6.355666555E-4,-1.464262721E-3
3.141337829E1,-9.600417688E-4,-1.399183180E-3,-1.233799616E-3
3.151386729E1,-3.731651232E-4,8.279574104E-4,8.921124972E-4
3.161435629E1,-4.800166935E-4,-6.833393127E-5,-1.104153693E-3
3.171484529E1,3.444505855E-4,-1.244888641E-3,-4.291001242E-4
3.181533429E1,-2.889988013E-3,-1.002166420E-3,1.052641077E-3
3.191582387E1,-7.906518877E-4,-3.835811745E-3,2.509213518E-4
3.201631287E1,-1.497557387E-4,9.820219129E-4,1.624776982E-3
3.211680188E1,1.030611806E-3,2.838733140E-3,-4.307944328E-4
3.221729088E1,1.825909130E-3,-1.343421172E-3,-7.383201737E-4
3.231777888E1,-2.644103020E-3,-1.128910109E-3,1.509732101E-4
3.241826788E1,1.258083619E-3,-5.728518590E-4,-2.132253721E-4
3.251875688E1,1.171544194E-3,-1.064675394E-3,-4.964105319E-4
3.261924588E1,-5.895039067E-4,-2.968322486E-3,9.513180703E-5
3.271973487E1,-1.651253551E-4,1.841169782E-3,8.771077264E-4
3.282022279E1,3.007157706E-3,-1.112384256E-3,1.859999727E-3
3.292071179E1,-9.612636641E-4,6.428570487E-4,2.641357016E-3
3.302120079E1,-2.036549151E-3,-5.079293624E-4,-1.578421565E-3
3.312168979E1,5.663698539E-4,-2.969019115E-4,-1.870821696E-3
3.322217879E1,1.267631538E-3,6.710672751E-4,-4.557978828E-4
3.332266679E1,1.377800480E-3,3.869715147E-4,1.747545553E-3
3.342315579E1,-5.477331579E-4,-5.832500756E-4,3.654430620E-4
3.352364479E1,6.785830483E-4,-2.384567633E-4,6.912150420E-4
3.362413279E1,-2.542381175E-3,-5.454146303E-4,-1.685851836E-3
3.372462179E1,-5.667749792E-5,1.417155378E-3,-6.585870869E-5
3.382511075E1,-6.899144500E-5,-1.014473848E-3,2.942697611E-4
3.392559975E1,-1.320910640E-3,2.792790532E-3,1.070335740E-3
3.402608775E1,3.084417433E-3,7.724091411E-4,1.809765119E-3
3.412657675E1,-3.891484812E-4,-2.428186592E-3,-1.314538997E-3
3.422706575E1,-3.478219733E-4,3.272946924E-4,-8.048736490E-4
3.432755375E1,-5.264896899E-4,8.997181430E-5,-3.236970864E-3
3.442804275E1,-5.454383790E-5,-5.960748531E-4,-6.800098345E-4
3.452853175E1,-1.699316315E-3,-1.977758948E-3,9.248694405E-4
3.462901975E1,2.576122060E-4,1.595617272E-3,-6.164640654E-4
3.472950875E1,1.365444623E-3,1.252234913E-3,3.383788746E-3
3.482999704E1,9.457673877E-4,5.656643771E-4,2.346590627E-3
3.493048604E1,1.328258775E-3,2.691762988E-3,-2.115474548E-3
3.503097504E1,-5.002012476E-4,5.251471885E-4,-1.360486960E-3
3.513146304E1,-1.210778020E-3,3.249528818E-4,-1.027412945E-3
3.523195204E1,3.048451617E-4,2.303549089E-3,8.597271517E-6
3.533244004E1,2.162846737E-3,-3.060610965E-3,2.306497889E-3
3.543292904E1,1.147382893E-3,2.223592717E-3,1.061682357E-3
3.553341704E1,-1.550366171E-3,-1.424108632E-4,2.856621752E-3
3.563390604E1,-1.384761184E-3,-6.351214834E-4,5.372404121E-4
3.573439404E1,5.564549938E-4,1.333765220E-3,1.412511803E-3
3.583488217E1,-1.508836634E-3,2.954308875E-4,1.222195569E-4
3.593537017E1,5.203746259E-4,-1.512595452E-3,-6.050083321E-4
3.603585917E1,2.642547712E-3,3.703883849E-4,-2.122202190E-3
3.613634717E1,-2.832813188E-4,-1.199474558E-3,-1.053388231E-3
3.623683617E1,-1.634107903E-4,-1.476820093E-3,-1.321369666E-3
3.633732417E1,8.528828621E-4,-3.385809250E-4,-1.103928545E-3
3.643781317E1,5.008112639E-4,1.319042873E-3,-1.343394513E-3
3.653830117E1,2.057794482E-4,-9.199292399E-4,-2.288563643E-3
3.663879017E1,-3.360752016E-4,-2.567679621E-3,-2.328686416E-3
3.673927817E1,1.562619582E-4,1.241392456E-4,2.804645803E-3
3.683976700E1,4.531880841E-4,4.254383966E-4,3.272262402E-4
3.694025600E1,-1.210215501E-3,1.459246036E-3,6.985508371E-4
3.704074400E1,2.382072620E-3,1.737317070E-3,-2.574956976E-3
3.714123300E1,-7.265033200E-4,-2.731122077E-4,5.098367110E-4
3.724172100E1,-2.862808295E-3,1.303802244E-3,1.023818506E-3
3.734220900E1,3.410819918E-4,1.438437961E-3,6.287172437E-4
3.744269800E1,-4.234882072E-4,7.728240453E-4,-4.061311483E-5
3.754318600E1,-7.264753804E-4,-2.481509000E-4,-6.578785833E-4
3.764367400E1,-1.249330118E-3,1.727025025E-3,-6.501376629E-5
3.774416300E1,-1.508705318E-4,1.233569346E-4,6.094640121E-4
3.784465037E1,-5.979668349E-4,1.353475265E-3,6.526536308E-4
3.794513838E1,2.293934114E-3,3.334832843E-3,-7.307545748E-4
3.804562737E1,-4.425924271E-4,3.459630534E-4,-1.281669247E-3
3.814611538E1,-1.107595861E-3,-2.140831202E-5,-1.107117860E-3
3.824660338E1,-3.917757422E-4,1.905630343E-4,-1.294114860E-3
3.834709238E1,1.824581996E-4,-5.035023205E-4,-2.052619820E-3
3.844758038E1,-9.484598413E-4,-1.385199372E-3,2.031993819E-3
3.854806838E1,1.324304380E-3,1.034028828E-4,4.854192957E-5
3.864855638E1,-2.888133749E-4,8.125733584E-4,-1.230889582E-3
3.874904538E1,-7.076570764E-4,1.303264871E-3,-1.189926406E-3
3.884953413E1,2.287421376E-5,1.423807815E-3,-1.114654820E-3
3.895002213E1,-1.978226006E-3,3.070640378E-4,-1.067425590E-3
3.905051013E1,9.882738814E-4,-3.937491216E-3,-2.137552015E-3
3.915099913E1,-4.601664841E-5,1.111278776E-3,1.191786025E-3
3.925148713E1,1.029809006E-3,-2.042809501E-5,-1.084144227E-3
3.935197512E1,1.918498427E-3,-1.652715728E-3,5.818973295E-5
3.945246312E1,8.272901177E-4,2.278292086E-3,-7.267659530E-4
3.955295212E1,-3.835177049E-4,8.609448560E-4,-1.303229947E-4
3.965344012E1,1.415834762E-3,-7.849493995E-4,6.703308318E-4
3.975392812E1,3.681471571E-4,4.210001789E-4,-6.574762519E-4
3.985441592E1,-2.308767289E-4,7.427628152E-4,3.669876605E-4
3.995490392E1,1.327261329E-3,-2.017017920E-3,1.731903292E-3
4.005539192E1,-2.494351938E-3,-2.354684286E-3,-1.229437999E-3
4.015588092E1,5.708914250E-5,1.097023487E-3,-8.152513765E-4
4.025636892E1,1.309719868E-3,-2.907975577E-4,-3.237940837E-4
4.035685692E1,1.776795834E-4,1.301789191E-3,1.464089844E-3
4.045734492E1,-1.884496771E-3,5.152677186E-4,-3.613024019E-4
4.055783292E1,1.304952428E-3,-1.887349878E-3,-3.306919243E-4
4.065832092E1,1.071771607E-3,-6.261677481E-4,-2.207525074E-3
4.075880892E1,-2.485802397E-4,1.197867095E-3,6.744735874E-4
4.085929800E1,8.568670601E-4,1.926134340E-3,-3.176140599E-4
4.095978600E1,2.432810143E-4,1.452310476E-3,-6.573149003E-4
4.106027400E1,1.258771867E-3,-1.123452559E-3,7.769698277E-5
4.116076200E1,-2.623888664E-3,-3.579249606E-4,-7.590488531E-5
4.126125000E1,8.447906002E-4,-5.831858143E-4,6.050681695E-4
4.136173800E1,1.430260018E-3,1.507648733E-3,3.527577501E-4
4.146222600E1,-2.960179932E-3,-5.526044406E-4,1.557341311E-4
4.156271400E1,1.400565729E-3,-6.080924068E-3,1.410521800E-3
4.166320200E1,-1.572480425E-3,2.717026509E-4,-5.488605238E-4
4.176369000E1,-2.010199241E-3,-1.234502066E-3,-7.023625076E-4
4.186417679E1,7.931264117E-4,1.133846119E-3,-1.189990551E-3
4.196466479E1,6.884429604E-5,8.558528498E-4,-3.630225547E-5
4.206515279E1,1.017416827E-3,-2.549016383E-3,5.781184882E-7
4.216564079E1,-2.262821421E-3,-1.728990115E-3,1.047893893E-4
4.226612879E1,-3.270599991E-4,2.109549474E-3,-2.599645872E-3
4.236661679E1,8.165240288E-4,5.785543472E-4,7.431732956E-4
4.246710479E1,-1.902010292E-3,-7.443097420E-4,1.333571505E-3
4.256759179E1,1.126857474E-3,-1.085374970E-3,7.296940312E-4
4.266807979E1,6.133215502E-4,1.472983044E-3,1.566978404E-3
4.276856779E1,-3.846168518E-3,-1.357491128E-4,1.975458581E-4
4.286906050E1,8.929856122E-4,1.475357916E-3,4.079542123E-4
4.296954850E1,2.722535282E-3,1.675459091E-3,-1.026008045E-3
4.307003650E1,-2.581506036E-3,-2.170274965E-3,-9.745026473E-4
4.317052450E1,2.406124026E-3,1.687856857E-3,1.072682207E-3
4.327101250E1,-1.483246684E-3,-1.151653938E-3,-1.341295429E-4
4.337149950E1,1.472406089E-3,-3.169361502E-3,-1.093708910E-3
4.347198750E1,-1.740538515E-3,6.133145653E-4,-1.251423382E-3
4.357247550E1,-2.363966778E-4,-2.223251387E-3,-2.107451670E-3
4.367296350E1,1.293753274E-3,-4.792441614E-4,2.506223973E-4
4.377345150E1,2.594478428E-4,4.027211107E-4,8.620335720E-4
4.387393929E1,1.865520142E-3,2.872995101E-4,1.798114274E-3
4.397442629E1,2.643186599E-4,-2.536640037E-3,1.127151540E-3
4.407491429E1,-2.312364988E-3,2.597528510E-3,2.928101458E-5
4.417540229E1,4.849117249E-4,1.744553912E-3,-2.207499463E-3
4.427589029E1,-4.723733291E-4,-1.495440025E-3,2.168826293E-3
4.437637729E1,-2.876259387E-4,-7.403306663E-4,9.960059542E-4
4.447686529E1,-1.473720185E-3,3.416310064E-4,-5.239702296E-4
4.457735329E1,1.595781185E-3,-1.298084855E-3,2.628713846E-4
4.467784129E1,-1.507683657E-3,1.705951057E-3,4.526530392E-4
4.477832829E1,-2.040204592E-3,1.122951973E-3,1.070600934E-3
4.487881254E1,2.272821032E-3,-1.824730076E-3,-5.420772359E-4
4.497930054E1,-9.908312932E-4,2.406988759E-3,-1.051275292E-3
4.507978754E1,-2.471217886E-4,5.538477097E-3,-1.138384920E-3
4.518027554E1,-1.275219023E-3,-1.989682205E-3,1.875236630E-4
4.528076354E1,1.107552089E-3,-2.010116354E-3,8.564780001E-4
4.538125054E1,1.042383723E-3,4.079230130E-4,-1.178487670E-3
4.548173854E1,2.380899154E-3,-3.730533877E-3,1.318267314E-3
4.558222654E1,-5.218181759E-4,2.773736138E-3,-9.869071655E-4
4.568271354E1,-1.472559758E-3,1.316260546E-3,1.838640310E-4
4.578320154E1,3.671543673E-4,1.917626243E-3,-4.053928424E-4
4.588368917E1,-1.719686203E-3,2.258853056E-4,2.226603683E-4
4.598417617E1,1.489382237E-3,1.308551524E-3,-1.540432335E-3
4.608466417E1,7.872711867E-4,-4.241387360E-4,1.973801060E-3
4.618515117E1,3.772890195E-4,-2.981029917E-3,1.103164628E-3
4.628563917E1,-6.358418614E-4,8.904323913E-4,2.843707101E-3
4.638612617E1,-1.877030358E-3,-9.294566698E-4,6.419222336E-4
4.648661417E1,5.913246423E-4,3.009632230E-3,-1.267065294E-3
4.658710217E1,-1.106960699E-4,1.743976027E-3,3.948446829E-4
4.668758917E1,1.088775694E-3,3.157365136E-3,1.935340697E-3
4.678807717E1,1.331923530E-3,-2.650558483E-3,5.055358633E-5
4.688856437E1,-1.646474935E-3,-3.801062703E-4,-8.924675640E-4
4.698905237E1,-6.109736860E-4,2.022818662E-4,-1.174044795E-3
4.708953938E1,-3.157481551E-4,-4.535354674E-4,1.171525102E-3
4.719002738E1,-4.256116226E-4,1.316762064E-3,1.640241360E-3
4.729051437E1,-1.801594160E-3,8.957008831E-4,1.109532546E-3
4.739100237E1,-2.947123721E-4,7.521384396E-4,-1.961633097E-3
4.749148938E1,2.222938463E-3,-7.845452055E-4,-8.186351042E-4
4.759197637E1,8.904831484E-4,1.945390832E-3,-9.727131110E-4
4.769246437E1,-7.385155186E-4,1.548209693E-3,2.438794822E-3
4.779295138E1,1.439948566E-3,4.379777238E-4,-9.459720459E-4
4.789343950E1,-9.627388790E-4,3.421552479E-3,-2.664945321E-3
4.799392650E1,-1.396563835E-3,3.229761496E-4,-1.079840120E-3
4.809441450E1,1.743767411E-3,1.758530736E-3,2.064205706E-3
4.819490150E1,1.056951471E-3,-1.014028676E-3,-2.094005933E-3
4.829538850E1,-2.789984457E-3,-3.210410010E-3,-1.178635517E-3
4.839587650E1,1.380126923E-4,-3.824010491E-6,-6.835006643E-4
4.849636350E1,1.752094366E-3,2.651531249E-3,-1.841783524E-5
4.859685050E1,-2.576178871E-3,-7.403157651E-4,1.623080112E-3
4.869733850E1,1.875964925E-3,-2.141788602E-3,-3.609401174E-4
4.879782550E1,-8.832747117E-4,6.528617814E-5,-6.927123759E-4
4.889831354E1,-1.590703614E-3,-7.829992101E-4,2.094714437E-4
4.899880054E1,-1.460591331E-3,-3.947741352E-4,1.669401070E-3
4.909928754E1,5.162516609E-4,1.680475194E-3,-2.206803532E-3
4.919977554E1,-4.095989279E-3,1.236184500E-3,-4.060589708E-5
4.930026254E1,1.274512149E-3,-2.126343548E-3,-7.319762371E-4
4.940074954E1,-1.546645537E-3,-4.082499072E-4,-2.368057612E-4
4.950123654E1,8.226390928E-4,1.644066535E-3,-5.667614751E-4
4.960172454E1,5.236882716E-4,-2.055917867E-3,3.586169332E-4
4.970221154E1,4.539191723E-4,-3.270083107E-4,-1.706141047E-4
4.980269854E1,-6.499784067E-4,1.654223073E-3,-1.181592932E-3
4.990318642E1,-1.245811582E-4,-1.485939603E-3,1.307437196E-5
5.000367342E1,6.603086367E-4,-3.997582011E-3,-3.182393266E-3
5.010416042E1,-3.612455912E-3,2.988226712E-3,-4.735540133E-4
5.020464742E1,-2.541672438E-4,4.260959104E-4,2.620688174E-4
5.030513442E1,-3.765383735E-4,-3.855042160E-4,2.161212033E-3
5.040562242E1,-2.899644896E-3,-8.834381588E-4,-7.351657841E-4
5.050610942E1,-1.180740073E-4,1.802425366E-3,2.410065383E-3
5.060659642E1,1.181659289E-3,-2.662722487E-3,2.102604136E-3
5.070708342E1,-1.543511637E-3,6.022197194E-4,-3.426072653E-4
5.080757042E1,4.729256034E-6,1.869117841E-4,1.143777277E-3
5.090805825E1,1.884432510E-3,-4.299599677E-4,2.155747730E-3
5.100854525E1,-6.119040772E-4,1.724036410E-4,1.581999240E-3
5.110903225E1,-8.187787607E-4,7.656500675E-4,2.065976150E-5
5.120951925E1,-1.574865542E-3,-2.677245531E-3,-1.325189252E-3
5.131000625E1,-2.178944647E-3,-1.619629562E-3,-4.670678172E-4
5.141049325E1,-6.237626076E-5,1.739400905E-3,1.135937637E-3
5.151098125E1,-1.962715760E-4,3.027413040E-4,-2.459255978E-3
5.161146825E1,2.337116748E-4,-7.507111877E-4,8.881185204E-4
5.171195525E1,-1.128865406E-3,1.749103423E-3,-7.372649852E-4
5.181244225E1,-4.957411438E-4,2.203582320E-3,-3.019483760E-3
5.191292962E1,-1.170135103E-3,-7.424238138E-4,2.408740111E-4
5.201341663E1,-1.695538871E-3,1.335771289E-3,1.901510172E-3
5.211390362E1,1.573418267E-3,-1.248163171E-4,1.897208858E-4
5.221439063E1,1.954251900E-3,2.154489979E-3,-2.383811865E-3
5.231487763E1,4.568137228E-5,1.237761229E-3,-2.321704524E-3
5.241536462E1,1.034510322E-3,5.629668012E-4,-1.895531779E-3
5.251585163E1,1.223950647E-3,-2.295726910E-3,4.355150741E-4
5.261633862E1,1.178125851E-3,4.706615582E-4,1.234510215E-3
5.271682662E1,1.184004359E-3,2.434453927E-3,2.104092389E-3
5.281731363E1,1.582535915E-3,-3.548044013E-3,1.018429175E-4
5.291780042E1,1.733831130E-3,-3.373716027E-4,1.560074510E-3
5.301828742E1,-9.023798630E-4,-1.922249794E-6,1.386130461E-3
5.311877442E1,-5.788626149E-4,-1.677271910E-3,9.611737914E-5
5.321926142E1,-9.719645604E-4,-9.402302094E-4,-1.418530010E-4
5.331974842E1,-1.025734469E-3,-4.959823564E-4,3.641771618E-4
5.342023542E1,2.005877905E-3,7.075341418E-4,-1.239425852E-3
5.352072242E1,6.268015131E-4,1.180395484E-4,-1.160841202E-3
5.362120842E1,-1.690906473E-3,-8.213100955E-4,-1.590269734E-3
5.372169542E1,-1.063011587E-4,-2.103973646E-3,-1.609399798E-3
5.382218242E1,1.003678888E-3,1.867515966E-4,-2.378719859E-3
5.392266950E1,2.800878137E-4,-5.983700976E-4,2.344399691E-4
5.402315650E1,8.264500648E-4,-1.415580977E-3,1.640665811E-3
5.412364350E1,-6.710309535E-4,-1.437894069E-3,1.202014275E-3
5.422413050E1,-1.514992677E-3,4.266300239E-4,-1.986743882E-3
5.432461750E1,6.465781480E-4,-3.612072906E-3,-1.874883426E-3
5.442510450E1,1.112687401E-3,4.200232215E-4,-1.039293129E-4
5.452559150E1,-2.043848857E-3,2.002109308E-3,1.052261796E-4
5.462607850E1,5.244016647E-4,1.474735327E-4,5.161382724E-4
5.472656550E1,2.347448841E-3,2.553522121E-3,-6.830382627E-4
5.482705250E1,-1.866600476E-3,1.231217757E-3,-2.525364980E-4
5.492753862E1,-2.124705352E-3,2.684914507E-4,2.700427780E-3
5.502802563E1,-1.232633367E-4,-1.095332205E-3,-9.110991377E-4
5.512851263E1,-6.016818807E-4,2.837730572E-4,3.071173560E-4
5.522899962E1,-3.479942679E-4,1.263581682E-3,3.199055791E-4
5.532948663E1,1.203679480E-3,-9.859665297E-4,-4.948913120E-4
5.542997362E1,-3.398675472E-5,1.939170994E-3,1.491676550E-3
5.553046063E1,-5.042152479E-4,9.290496819E-4,-1.276022638E-3
5.563094662E1,1.163791865E-3,-2.625789493E-4,-1.717732055E-3
5.573143363E1,5.962289870E-4,5.929202773E-3,-3.169688862E-4
5.583192063E1,1.207568683E-3,2.330556046E-3,-2.842670307E-3
5.593240762E1,8.011292666E-4,-2.184236422E-3,-1.229965594E-3
5.603289463E1,-2.688275650E-3,1.477912534E-3,-8.295981679E-4
5.613338062E1,-1.684278250E-4,2.509582788E-3,-1.799063990E-3
5.623386763E1,6.417222321E-4,-1.008496620E-3,1.003983896E-3
5.633435462E1,-2.594155259E-3,-4.162658006E-4,2.697710879E-3
5.643484163E1,1.632397063E-3,-1.596342772E-4,3.294902854E-5
5.653532863E1,1.267729327E-3,-3.374380525E-3,6.680476945E-4
5.663581463E1,-3.245454282E-4,-4.247217439E-4,-2.504496370E-4
5.673630163E1,7.519712672E-4,8.430322632E-4,1.195869409E-3
5.683678862E1,-3.672707826E-4,-1.085687429E-3,9.021342266E-4
5.693727417E1,-8.725840598E-4,1.247244887E-3,7.493796293E-4
5.703776117E1,7.143905386E-4,-2.073721029E-3,-9.180326015E-5
5.713824817E1,-5.100052804E-4,-8.792444132E-4,-3.188927658E-3
5.723873517E1,9.604450315E-4,1.978855580E-3,-2.260690788E-3
5.733922117E1,3.241975792E-3,2.329507377E-3,2.584397327E-3
5.743970817E1,8.341949433E-5,9.169150144E-5,2.618625294E-4
5.754019517E1,1.071446575E-3,1.522232778E-3,-7.923166268E-4
5.764068217E1,7.885340601E-4,2.148111816E-3,-7.698137779E-4
5.774116817E1,2.619009465E-3,2.209143713E-5,1.490980620E-3
5.784165517E1,-1.604346558E-3,1.212660223E-3,-1.233660849E-3
5.794214237E1,-9.535942227E-4,2.491079737E-3,-5.946725141E-4
5.804262837E1,2.397611737E-3,-1.611410175E-3,3.335310612E-4
5.814311537E1,-1.171480864E-3,-8.783643134E-4,9.178242180E-4
5.824360238E1,2.091432922E-3,3.794655204E-4,1.574732130E-3
5.834408838E1,7.861703634E-4,-9.984751232E-4,9.765869472E-4
5.844457538E1,-1.415830106E-3,6.150715053E-4,4.815827124E-4
5.854506138E1,9.992634878E-4,1.286666840E-3,1.069090795E-4
5.864554838E1,2.005353570E-3,-8.934438229E-4,2.158163115E-4
5.874603537E1,2.377049066E-3,1.577961724E-3,-3.175309394E-4
5.884652163E1,7.246360183E-4,2.158848569E-3,6.815113593E-4
5.894700862E1,2.178817056E-3,-1.445403788E-3,1.075342298E-4
5.904749563E1,-1.665005460E-3,1.026484184E-3,-1.062934287E-3
5.914798162E1,-6.563058123E-4,-5.584964529E-4,-8.518144023E-4
5.924846863E1,1.147647388E-3,-4.303791095E-3,4.092198797E-4
5.934895462E1,-2.271234989E-3,-7.701511495E-4,-1.559294178E-3
5.944944163E1,4.281625152E-4,-1.196551602E-3,2.800901420E-4
5.954992862E1,2.951815724E-3,-1.627436839E-3,-6.642702501E-4
5.965041463E1,-1.460000873E-3,-1.977154985E-3,2.097762190E-4
5.975090162E1,3.359988332E-4,-9.067468345E-4,2.763483906E-3
5.985139079E1,-1.520728692E-4,7.411828265E-4,1.247259090E-3
5.995187779E1,-1.829960383E-3,-7.992684841E-4,1.493828604E-3
6.005236379E1,1.202621497E-3,7.018283941E-4,-9.120348841E-4
6.015285079E1,-8.167140186E-4,1.379898284E-3,7.813891862E-4
6.025333779E1,-4.612468183E-4,5.344506353E-4,-6.165269297E-4
6.035382379E1,-6.325887516E-4,2.390448935E-4,-3.534434363E-4
6.045431079E1,-3.083459102E-3,-3.747311421E-4,-1.199722290E-3
6.055479679E1,-6.199274212E-4,1.455261372E-3,-1.054249937E-3
6.065528379E1,-6.851190701E-4,-7.246066816E-4,3.675813787E-5
6.075576979E1,-1.034424640E-3,1.105730888E-3,1.649595099E-3
6.085625350E1,8.493224159E-4,-2.207783516E-3,-7.593133487E-4
6.095673950E1,2.130271867E-3,1.458784100E-3,-6.219507195E-4
6.105722650E1,-1.530057751E-3,1.114052720E-4,2.538966946E-4
6.115771250E1,-1.085773110E-4,-8.129919879E-4,3.525021020E-4
6.125819950E1,1.686691307E-3,8.192262612E-4,-1.670541940E-3
6.135868550E1,-1.221475191E-3,-2.170284279E-4,1.169302035E-3
6.145917250E1,-1.588139683E-3,-2.184700686E-3,6.994071882E-4
6.155965850E1,2.081505954E-5,-1.275488175E-3,3.977227025E-4
6.166014550E1,-3.722550347E-3,-1.985764131E-3,8.562500589E-4
6.176063150E1,1.112305559E-3,-1.479946077E-4,5.129908677E-4
6.186111904E1,-4.035858437E-4,-1.047160942E-3,5.790730938E-5
6.196160504E1,-1.975903288E-3,9.109145030E-4,1.447005430E-3
6.206209204E1,-5.197711289E-5,5.463776179E-4,-3.359923139E-4
6.216257804E1,3.315154463E-4,-4.949844442E-4,-3.388598561E-4
6.226306404E1,4.825070500E-4,5.753436126E-4,2.601946704E-3
6.236355104E1,1.649623737E-4,-1.934389584E-4,-3.268024884E-4
6.246403704E1,8.190693334E-4,-2.573497593E-3,6.927039940E-4
6.256452404E1,-4.202369601E-4,1.275474671E-3,-5.800093058E-4
6.266501004E1,7.557664067E-4,-7.653026842E-4,1.552375033E-5
6.276549704E1,-6.526894867E-5,-1.807107124E-3,-1.266885083E-3
6.286598225E1,1.725207083E-3,6.074453704E-4,3.056128044E-4
6.296646825E1,4.827463999E-4,-1.146644354E-4,2.326326910E-3
6.306695525E1,4.040831700E-4,-7.565612905E-4,-2.578153508E-3
6.316744125E1,4.265112802E-4,1.886273734E-3,2.627132926E-4
6.326792825E1,-2.013404854E-3,6.883814931E-4,2.427001251E-3
6.336841425E1,-7.027629763E-4,-7.309159264E-4,1.463156892E-3
6.346890025E1,8.354075253E-4,6.348984316E-4,1.118696760E-3
6.356938725E1,-9.735058993E-4,9.438022971E-4,3.235200420E-4
6.366987325E1,-8.293893188E-4,-3.305045422E-3,-2.075650496E-3
6.377035925E1,-7.262500003E-4,-1.247139182E-3,2.441553865E-3
6.387084588E1,-1.552804373E-3,3.036924172E-3,-2.105560154E-3
6.397133188E1,2.522098832E-3,-1.354310662E-4,-2.029532101E-3
6.407181888E1,1.594815403E-4,-6.202254444E-4,5.421882961E-4
6.417230488E1,-3.966502845E-4,2.929106820E-3,2.017258666E-4
6.427279087E1,-5.299588665E-4,2.028614748E-3,9.849481285E-5
6.437327788E1,5.418276414E-4,-1.070021652E-3,6.275163032E-4
6.447376387E1,2.441466786E-3,-1.126283314E-3,1.321605640E-3
6.457424988E1,-4.627658054E-4,3.824536689E-4,-1.382719143E-3
6.467473687E1,-1.853462309E-3,-3.422992304E-4,1.087244600E-4
6.477522288E1,-1.663046889E-3,1.210801303E-3,-1.165818656E-3
6.487570888E1,-4.497738555E-4,-3.868137253E-3,-2.515460365E-4
6.497619487E1,-1.348239370E-3,-1.059695613E-3,-3.830022179E-4
6.507668188E1,-1.139942557E-3,2.931409515E-3,-1.538401353E-3
6.517716787E1,-5.901521072E-4,-3.073035274E-3,3.227342386E-4
6.527765388E1,5.536330864E-4,-5.024941638E-4,-1.028844155E-3
6.537814087E1,1.683867536E-3,2.041670028E-3,1.704622759E-3
6.547862688E1,5.398057401E-4,2.542682923E-4,-1.528318622E-3
6.557911288E1,8.096769452E-4,-7.839109749E-4,4.612202756E-4
6.567959988E1,-1.309543848E-3,-5.477359518E-4,2.929459792E-3
6.578008588E1,3.639832139E-4,8.674529381E-4,-6.447548512E-4
6.588057637E1,1.073101535E-3,-2.102158032E-3,-1.100163674E-3
6.598106238E1,-7.734056562E-4,1.342150383E-3,1.667848323E-3
6.608154937E1,-4.405900836E-4,1.307408791E-3,-6.583009381E-4
6.618203538E1,2.369405702E-3,-8.902009577E-4,1.621737611E-4
6.628252137E1,4.030903801E-4,5.777636543E-4,-1.361227361E-3
6.638300737E1,-1.934181899E-3,3.715157509E-4,-8.973758668E-4
6.648349437E1,-4.103630781E-4,-2.874430269E-3,-1.256883843E-3
6.658398037E1,1.180768944E-3,-7.540201768E-4,-1.771681127E-3
6.668446638E1,-8.036810905E-4,1.761661842E-4,-1.401810208E-3
6.678495237E1,-7.275668904E-4,3.057229333E-4,2.510282909E-3
6.688543429E1,-1.068986021E-3,2.978022676E-3,-1.250654459E-3
6.698592129E1,-1.255357638E-4,3.238217905E-4,-1.043725526E-3
6.708640729E1,-1.198851503E-3,-4.739048891E-4,2.777333371E-3
6.718689329E1,1.744121313E-3,2.327058464E-3,3.383257426E-4
6.728737929E1,1.069532707E-3,-6.843688898E-4,3.788864007E-3
6.738786529E1,1.242479309E-3,-1.174453180E-3,2.385948319E-4
6.748835229E1,-1.419485547E-3,-1.858525444E-3,2.288429532E-4
6.758883829E1,-1.106702723E-3,1.456673723E-3,-1.658321940E-3
6.768932429E1,-2.275723964E-4,2.829451114E-5,-3.296250943E-4
6.778981029E1,-5.254093558E-4,3.221824765E-3,-6.453276146E-4
6.789029629E1,2.439314499E-3,2.867007162E-3,1.714113168E-4
6.799078329E1,-6.447415799E-4,-1.704223454E-3,2.690802794E-4
6.809126929E1,-1.680841669E-4,-9.368020110E-4,-3.241440281E-4
6.819175529E1,-3.752401099E-4,4.605362192E-4,1.547269057E-3
6.829224129E1,-4.881396890E-4,4.914570600E-4,4.077358171E-4
6.839272729E1,-9.691528976E-5,8.799168281E-4,-5.346790422E-4
6.849321329E1,-7.653301582E-4,1.188877504E-3,-1.371186110E-3
6.859370029E1,-1.301961951E-3,-6.674425676E-4,1.547673019E-3
6.869418629E1,-1.269675791E-3,2.672183327E-4,5.552999210E-4
6.879467229E1,-1.625214703E-3,1.990085933E-3,5.500938278E-4
6.889515829E1,1.565331593E-3,-1.669222023E-3,-8.107488975E-5
6.899564429E1,-3.339489922E-4,-1.217750832E-4,5.877253134E-4
6.909613029E1,2.602699213E-3,2.703400794E-3,1.547651365E-3
6.919661629E1,2.298118547E-3,-2.735359594E-3,-1.466453308E-3
6.929710329E1,-1.260690391E-3,3.538063727E-3,1.573038753E-3
6.939758929E1,2.581356093E-4,1.382048707E-3,4.611951299E-4
6.949807529E1,4.873806611E-4,2.216774505E-3,-5.932096392E-4
6.959856129E1,2.136635594E-3,1.869238913E-3,-5.498332903E-4
6.969904729E1,-3.099953756E-4,-1.431412529E-3,-5.528351758E-4
6.979953329E1,-1.740287058E-3,-4.839594476E-4,-6.943035405E-4
6.990001975E1,-8.853897452E-5,-2.636385150E-3,-9.969691746E-5
7.000050575E1,2.544807270E-3,1.100201160E-3,-5.060594995E-4
7.010099175E1,2.070188522E-3,-1.129836775E-3,2.239611931E-4
7.020147875E1,-1.014584675E-3,-8.580745198E-4,-7.987946738E-4
7.030196475E1,-2.282555215E-3,1.475875732E-3,4.771463573E-4
7.040245075E1,5.630170926E-4,-1.557383686E-3,8.308910765E-5
7.050293675E1,4.023332149E-4,-2.884455957E-3,4.632405471E-4
7.060342275E1,1.113610342E-3,-9.081275202E-4,-1.793503296E-3
7.070390875E1,-1.617134549E-3,2.382970415E-4,-9.465138428E-4
7.080439475E1,1.966108568E-3,-3.222233616E-3,1.662477851E-3
7.090488092E1,2.697184682E-4,7.243477739E-4,4.817494191E-4
7.100536692E1,-1.592572778E-3,2.395674121E-3,-3.521421459E-4
7.110585292E1,1.391710714E-3,-2.189341933E-3,-2.215253655E-3
7.120633892E1,6.103618070E-4,-4.878137261E-4,-3.347869497E-3
7.130682492E1,1.038486138E-3,9.240116924E-6,-9.659265634E-4
7.140731092E1,1.438884065E-4,1.912211999E-3,-1.253569033E-3
7.150779792E1,1.282106154E-3,-1.945262309E-3,-7.475849707E-4
7.160828392E1,1.289191656E-3,-2.959201112E-3,-2.116807736E-3
7.170876992E1,4.198104143E-4,-2.257585060E-3,7.693672087E-4
7.180925592E1,-7.018903270E-4,1.190835610E-5,8.691451512E-4
7.190974542E1,-2.316972241E-4,1.726484392E-3,-9.098271839E-4
7.201023142E1,-7.205978036E-4,-1.908219419E-3,8.682426997E-4
7.211071742E1,2.508722246E-4,1.838556956E-3,1.237704419E-5
7.221120342E1,-5.334801972E-5,-7.424559444E-4,6.079135928E-4
7.231168942E1,1.769171096E-3,-2.518021502E-3,2.428945387E-3
7.241217542E1,-1.554647461E-4,2.147960477E-4,2.579619177E-3
7.251266142E1,-1.215444878E-3,4.787105136E-4,-5.674418062E-4
7.261314742E1,-1.523951069E-4,4.978021607E-4,-7.441821508E-4
7.271363342E1,-2.266435884E-3,2.874183469E-3,3.748913296E-4
7.281411942E1,1.884604804E-3,-3.247363493E-4,-2.189942170E-4
7.291460092E1,9.011952206E-4,2.655663062E-3,-1.017425442E-3
7.301508692E1,-2.014068887E-4,9.269407019E-5,-3.104318865E-3
7.311557292E1,9.433757514E-4,-1.224256121E-4,-1.408741227E-3
7.321605892E1,-6.477637216E-4,-1.791466959E-3,-8.765622042E-4
7.331654492E1,2.305639908E-3,-2.755046356E-3,-2.477280796E-4
7.341703092E1,1.948028803E-3,-1.180301420E-3,5.916010123E-4
7.351751692E1,4.725223407E-4,-7.038451731E-4,2.969640773E-4
7.361800292E1,-5.276482552E-4,-1.713251695E-3,-1.192633994E-3
7.371848892E1,8.449377492E-4,1.478349790E-3,-9.874240495E-4
7.381897492E1,-1.111178659E-3,-4.996559583E-4,1.717563719E-3
7.391946175E1,7.722442970E-4,-2.425066195E-4,5.006059073E-4
7.401994775E1,-1.895288005E-4,1.042615622E-6,1.770192757E-4
7.412043375E1,-1.014228910E-4,1.457503065E-3,1.800705679E-3
7.422091975E1,1.502581872E-3,-1.545305364E-3,-8.182728197E-4
7.432140575E1,-2.234997228E-4,8.318433538E-4,-6.314308848E-4
7.442189175E1,3.973022103E-4,1.200463157E-3,2.009468153E-4
7.452237775E1,-4.884433001E-4,-2.036973368E-3,7.635285147E-5
7.462286275E1,-2.465003170E-3,-1.527522691E-3,-7.061916403E-5
7.472334875E1,7.026502863E-4,1.673358493E-4,-5.259818863E-4
7.482383475E1,2.556285821E-3,1.801081467E-3,-2.439134289E-3
7.492431987E1,-1.689130440E-4,-2.819802612E-3,5.070918705E-4
7.502480588E1,-1.201963052E-3,2.693990245E-4,3.723425325E-4
7.512529188E1,-1.355964690E-3,9.934711270E-4,-5.070259795E-5
7.522577787E1,-3.387480974E-3,-1.650255639E-3,-1.505583408E-3
7.532626388E1,-9.911581874E-4,-1.795230433E-3,1.229943242E-3
7.542674988E1,3.272928298E-4,1.388076227E-3,-1.585127320E-4
7.552723587E1,4.506409168E-4,-1.902415417E-3,3.913640976E-4
7.562772188E1,-2.368185669E-4,3.018323332E-4,-2.154883230E-3
7.572820788E1,-1.241248101E-4,7.119225338E-4,-9.192200378E-5
7.582869287E1,-1.866735518E-3,-8.658738807E-5,-9.595651645E-4
7.592917988E1,2.795429900E-4,-4.181126598E-3,1.622645650E-3
7.602966588E1,2.289065160E-3,2.923087683E-3,-9.321148973E-4
7.613015187E1,8.436636999E-4,2.598855644E-4,-9.672588203E-4
7.623063788E1,1.923218369E-4,6.067245267E-4,9.294506162E-4
7.633112387E1,1.843534410E-4,3.273091279E-4,-7.702829316E-4
7.643160987E1,1.198145561E-3,-2.177482937E-3,4.389332607E-4
7.653209588E1,3.510583192E-4,-2.334867604E-4,-9.025773033E-5
7.663258187E1,-6.705727428E-4,1.780688763E-4,-3.768363968E-6
7.673306788E1,2.186382189E-3,3.225104883E-4,-6.379894912E-4
7.683355388E1,-1.317085698E-4,-1.672668383E-3,-2.058709506E-3
7.693404092E1,-6.028544158E-4,4.107276909E-4,-1.243675710E-3
7.703452692E1,4.229880869E-5,2.293070778E-3,-4.531079903E-4
7.713501292E1,-5.630627275E-4,1.106257550E-3,-1.000598539E-3
7.723549892E1,-8.937306702E-4,3.768826369E-3,-1.805940410E-3
7.733598492E1,3.105263226E-3,4.266295582E-4,-2.002588008E-4
7.743647092E1,3.235675395E-4,-2.259082627E-3,2.070731483E-3
7.753695692E1,-9.668245912E-5,8.831401356E-4,6.951768883E-4
7.763744392E1,-7.078889757E-4,-5.348118953E-3,-1.182804350E-3
7.773792992E1,-3.520444967E-3,-1.422911882E-4,7.784576155E-4
7.783841592E1,-4.570484161E-4,1.740914769E-3,2.346071415E-4
7.793890092E1,2.899458632E-4,-2.278282773E-3,5.111000501E-4
7.803938792E1,4.349946976E-4,-1.108591910E-3,3.534106072E-4
7.813987392E1,2.801325172E-4,-2.297470346E-4,1.820947742E-3
7.824035992E1,4.251655191E-4,-1.270290464E-3,-5.543380976E-4
7.834084692E1,-2.451390028E-4,-1.153452322E-3,-3.302094992E-4
7.844133292E1,1.514105126E-3,1.034745947E-5,1.649395563E-5
7.854181892E1,-7.442729548E-4,3.958479501E-4,1.583593898E-3
7.864230592E1,-1.578703523E-4,-7.040435448E-4,1.135565573E-3
7.874279192E1,-1.150397584E-4,8.973455988E-4,-1.050631749E-3
7.884327792E1,-5.556307733E-4,1.499770209E-3,5.143797025E-4
7.894376538E1,3.045145422E-4,4.992778413E-4,3.525961656E-4
7.904425137E1,8.631832898E-4,-2.344490029E-3,9.306813590E-4
7.914473838E1,9.555034339E-4,-1.249573193E-3,1.649289392E-3
7.924522438E1,-1.130718738E-3,-2.352684736E-3,1.131594181E-3
7.934571138E1,-4.869978875E-5,-9.756921791E-4,5.365065299E-4
7.944619738E1,-2.763877623E-3,2.374588978E-3,1.520472346E-3
7.954668438E1,2.272947691E-3,4.437239841E-5,1.079088077E-3
7.964717038E1,-1.624091528E-3,3.517670557E-4,-9.571937844E-4
7.974765738E1,3.119995818E-4,5.039612297E-3,1.378467074E-3
7.984814338E1,1.366058365E-3,1.354413107E-4,4.521294031E-4
7.994863404E1,-6.898744032E-4,-2.187078353E-3,2.413163660E-3
8.004912004E1,1.041944139E-3,-1.652059611E-3,-2.591473283E-3
8.014960704E1,1.343687996E-3,-5.650459789E-4,1.250968548E-3
8.025009404E1,-2.415170893E-4,-7.861452177E-4,-9.901553858E-4
8.035058004E1,7.882239297E-4,2.438938245E-3,-1.086618868E-3
8.045106704E1,1.281136647E-4,1.441740431E-3,-1.030284911E-4
8.055155304E1,1.113812439E-3,-8.996729739E-4,1.318518072E-3
8.065204004E1,7.415777072E-4,3.726985771E-3,-9.672385640E-4
8.075252704E1,8.335011080E-4,3.052628599E-4,1.751710195E-3
8.085301304E1,-1.775673591E-3,-2.078073099E-3,1.362110255E-3
8.095350050E1,-5.296682939E-4,1.185860019E-3,-2.210369334E-3
8.105398750E1,-2.311983146E-3,1.589860767E-4,7.193628699E-5
8.115447450E1,6.824452430E-5,-8.138972335E-4,1.063445117E-3
8.125496050E1,1.269960776E-3,1.250100322E-4,-3.272020491E-3
8.135544750E1,9.841322899E-4,1.919343602E-3,5.462451372E-4
8.145593450E1,2.565588802E-4,-9.892373346E-4,1.474465709E-3
8.155642050E1,-1.281634904E-3,2.913491800E-3,-4.635844380E-4
8.165690750E1,1.456391998E-3,-5.496181548E-4,-5.321069621E-4
8.175739450E1,7.728217170E-4,-3.262941260E-3,2.340764273E-3
8.185788150E1,-4.034051672E-4,-6.197034381E-4,2.141721779E-3
8.195836812E1,1.314223744E-3,-1.321713906E-3,5.718767643E-4
8.205885413E1,3.588688560E-3,6.835116073E-5,-6.155879237E-5
8.215934112E1,1.255923882E-3,-2.658641897E-4,1.286815852E-3
8.225982813E1,3.526574001E-4,-8.567655459E-5,1.788585447E-3
8.236031512E1,1.947810873E-3,-2.744269092E-3,-1.341679599E-4
8.246080212E1,-1.628800295E-3,1.727625728E-3,1.281939447E-3
8.256128913E1,-8.720140904E-4,3.750837408E-3,2.317953622E-3
8.266177512E1,2.155194059E-3,-3.304393031E-4,6.257952191E-5
8.276226213E1,-2.196128480E-3,-1.225448214E-4,1.190991607E-3
8.286274912E1,7.655844092E-4,1.620096155E-4,5.279167090E-4
8.296323317E1,2.836579457E-3,-2.423874103E-3,-1.640699338E-4
8.306372017E1,-2.808392979E-3,2.447606996E-3,-6.595058367E-4
8.316420717E1,-5.767308176E-4,3.977232147E-3,1.561440760E-3
8.326469417E1,1.109973527E-3,1.385679003E-3,1.013539732E-3
8.336518117E1,-1.521529630E-3,2.257472370E-3,-2.648574300E-4
8.346566817E1,4.417039454E-4,2.741700038E-3,8.526304737E-5
8.356615517E1,4.730299115E-4,-5.534463562E-4,1.722427551E-3
8.366664217E1,-6.576906890E-4,2.557131927E-3,7.869552355E-4
8.376712917E1,1.677714288E-3,2.527526114E-3,-1.876922324E-4
8.386761617E1,2.688132226E-4,-1.829212997E-3,-7.325592451E-4
8.396810637E1,-1.122470945E-3,8.278591558E-4,-1.885303762E-3
8.406859338E1,-1.825924963E-3,4.818923771E-4,1.050174469E-3
8.416908037E1,2.284066752E-3,1.156869344E-3,6.594520528E-4
8.426956738E1,-1.475410536E-3,-4.264838062E-4,-3.392321523E-4
8.437005438E1,8.788323030E-4,3.154404461E-3,-9.954769630E-4
8.447054137E1,1.976651140E-3,-1.129790675E-3,1.164563000E-4
8.457102838E1,1.757899299E-4,-4.889820702E-4,-1.000195509E-3
8.467151537E1,6.965380162E-4,9.842626750E-4,-1.310077496E-3
8.477200238E1,-1.213469543E-3,-1.845015213E-4,-7.974789478E-4
8.487248487E1,-3.988925368E-3,-3.203609958E-5,3.259538207E-4
8.497297187E1,-3.754543141E-4,-5.725026131E-5,-5.069666076E-4
8.507345888E1,1.067928970E-3,-1.423144713E-4,-9.733808693E-4
8.517394587E1,-2.622680739E-3,-9.515788406E-4,1.989260782E-4
8.527443288E1,-4.737861454E-4,2.365282271E-3,1.636709785E-3
8.537491988E1,2.584702335E-3,1.673303079E-3,-7.116275374E-4
8.547540687E1,1.123972237E-3,2.034027129E-4,-9.990674444E-4
8.557589388E1,-3.245659173E-6,2.133925911E-3,1.293202629E-3
8.567638087E1,-7.827384397E-4,-5.612042733E-4,5.213583354E-4
8.577686788E1,-1.226842403E-3,-1.431067474E-3,-1.254678005E-3
8.587735588E1,2.319043502E-3,-1.071520615E-3,1.313310117E-3
8.597784287E1,2.156440169E-4,3.371043131E-4,-1.025502570E-3
8.607832987E1,-1.312721521E-3,-2.540439833E-3,1.093601342E-3
8.617881688E1,2.072753385E-3,9.509003721E-4,-1.549176173E-3
8.627930387E1,2.908650786E-4,2.458395902E-3,-8.268535603E-4
8.637979088E1,-1.407872885E-3,6.557037123E-4,-5.879886448E-4
8.648027788E1,-3.231428564E-4,-1.566945575E-4,5.027605221E-4
8.658076487E1,3.076795489E-3,2.175395377E-3,1.475982834E-3
8.668125287E1,1.920947805E-3,4.452457651E-4,-1.070087310E-4
8.678173988E1,-5.674995482E-4,-1.781783067E-4,1.722532790E-3
8.688222629E1,1.043978147E-3,4.439931363E-4,-8.950096089E-4
8.698271329E1,1.232264563E-3,-1.600747462E-3,1.715396065E-3
8.708320029E1,7.923133671E-5,-2.705613151E-4,-2.022758126E-4
8.718368729E1,-1.591173932E-4,-1.305338461E-3,2.640753519E-4
8.728417429E1,-4.754252732E-4,4.702154547E-5,6.337238010E-4
8.738466129E1,1.049222425E-3,3.984896466E-5,5.224891938E-4
8.748514829E1,4.134606570E-4,-6.881738082E-4,-1.323340693E-3
8.758563529E1,-7.655769587E-4,-2.168528736E-4,1.474983990E-3
8.768612229E1,9.019616991E-4,5.440860987E-4,-8.824532852E-4
8.778660929E1,-4.164483398E-4,1.612850931E-3,-9.576964658E-4
8.788709642E1,2.133986913E-3,5.447557196E-4,-1.077696448E-3
8.798758342E1,-6.335973740E-5,1.397582702E-3,-1.079259440E-3
8.808807042E1,7.931143045E-6,1.592957415E-3,-8.594035171E-5
8.818855742E1,2.415096387E-4,1.341640949E-3,-5.528132897E-4
8.828904442E1,-2.149026841E-4,-1.403017901E-3,-6.068272050E-4
8.838953142E1,1.451729797E-3,1.199335326E-3,-1.058059512E-3
8.849001842E1,2.448763698E-3,3.856862895E-3,-2.249130979E-3
8.859050542E1,-1.593000256E-3,-7.639946416E-4,4.114715848E-4
8.869099242E1,-1.714589074E-3,-5.459343083E-4,-6.543907803E-4
8.879147942E1,-2.843236551E-3,7.876134478E-4,5.320669152E-4
8.889196642E1,-2.585588954E-3,-2.125168685E-3,3.787036985E-5
8.899245342E1,2.627344802E-4,1.444378402E-3,5.261506885E-4
8.909294042E1,-8.696047589E-4,-1.426725648E-4,3.931238316E-4
8.919342842E1,-7.197437808E-4,-1.195783261E-3,5.492174532E-4
8.929391542E1,-4.260661080E-4,4.193047062E-4,-7.695993409E-4
8.939440242E1,1.287774183E-3,2.242906485E-3,1.988355070E-4
8.949489042E1,2.376776189E-3,5.118828267E-5,1.607795479E-3
8.959537742E1,1.239390112E-3,4.537496716E-5,-3.971604165E-4
8.969586542E1,-4.127658904E-4,-4.990845919E-4,-1.693677623E-4
8.979635342E1,1.886193641E-3,-9.681540541E-4,-2.583814785E-4
8.989684204E1,-1.174143516E-3,-1.064980868E-3,-4.680992570E-4
8.999733004E1,-6.240447983E-4,4.836670123E-4,2.290690318E-4
9.009781804E1,-1.661363989E-3,-2.634290606E-3,8.725139778E-4
9.019830604E1,-4.761880264E-4,-2.402939368E-3,5.670189857E-4
9.029879404E1,7.572099566E-4,3.434720915E-3,-1.283604186E-3
9.039928304E1,7.817298174E-4,-1.138911117E-3,-2.343677916E-4
9.049977104E1,-7.370738313E-4,-1.064390875E-3,6.744470447E-4
9.060026004E1,2.256603912E-4,2.309208270E-3,5.946650635E-4
9.070074804E1,1.044823788E-3,-4.036677070E-3,-3.776567755E-3
9.080123704E1,-2.192709595E-3,-2.044578549E-3,1.415928127E-3
9.090172467E1,4.014346749E-3,2.654751763E-3,-1.170239877E-3
9.100221367E1,1.375991851E-4,-9.222533554E-4,-2.213103231E-3
9.110270267E1,-2.779634669E-3,-2.674590796E-4,1.749667106E-3
9.120319167E1,-1.770791598E-3,2.736933529E-4,-1.233920921E-3
9.130368067E1,5.658678710E-4,2.541974187E-3,-9.733077604E-4
9.140416967E1,1.882193610E-3,7.455879822E-4,9.067624342E-4
9.150465867E1,-1.874464564E-3,2.468672581E-3,1.146055525E-3
9.160514767E1,-1.755703241E-3,3.477958962E-4,2.013414865E-3
9.170563667E1,7.877405733E-5,-1.909497660E-3,-7.148012519E-4
9.180612567E1,2.045985311E-4,1.890145242E-3,3.546024673E-4
9.190661475E1,1.153347082E-3,-1.347546000E-3,-5.556137767E-4
9.200710475E1,-1.473667100E-3,-1.525735017E-3,1.512398012E-3
9.210759375E1,2.412975766E-3,-9.730411693E-5,-6.368977483E-4
9.220808275E1,-1.079987735E-3,-9.991559200E-4,8.497808594E-4
9.230857275E1,-2.283621579E-4,-1.219212078E-3,-1.905828714E-3
9.240906175E1,1.129605807E-3,7.590535097E-4,-2.445368096E-3
9.250955175E1,2.558464184E-4,2.117501572E-5,-4.211538471E-4
9.261004075E1,-2.219959162E-3,-1.100690104E-3,4.468378611E-4
9.271053075E1,1.208133996E-3,1.269586384E-3,1.879872987E-3
9.281101975E1,4.741884768E-4,1.119196881E-3,-8.836677298E-4
9.291151275E1,1.200987026E-3,-1.590484288E-3,6.313310005E-4
9.301200275E1,8.527226746E-4,-1.793755218E-4,1.313115703E-3
9.311249175E1,-5.457364023E-4,-1.095170621E-3,-1.160362037E-3
9.321298175E1,1.663975418E-4,-4.050987773E-4,1.168399351E-3
9.331347175E1,-1.513199881E-3,2.729410306E-3,3.036810085E-6
9.341396175E1,-9.745853022E-4,7.945788093E-4,1.071637962E-3
9.351445075E1,-1.266108826E-3,2.327824943E-3,1.149282092E-3
9.361494075E1,1.461556181E-3,4.009529948E-4,6.219781935E-4
9.371543075E1,9.809155017E-5,4.668541253E-3,-1.613206696E-4
9.381592075E1,1.148164272E-3,-5.421489477E-4,7.520015351E-4
9.391640742E1,5.841106176E-4,5.445177667E-4,-6.594331935E-4
9.401689742E1,-6.854748353E-4,8.666012436E-4,-4.342291504E-7
9.411738742E1,1.023910008E-3,-2.871081233E-3,-1.015469898E-4
9.421787742E1,2.277938649E-3,7.587322034E-4,5.277742166E-4
9.431836742E1,2.684626728E-3,3.860902973E-3,-2.757171867E-3
9.441885842E1,1.484686509E-4,-4.259133246E-3,-3.564496990E-3
9.451934842E1,-1.238616183E-3,-2.115294803E-3,3.379569389E-3
9.461983842E1,-1.401699148E-3,3.195834812E-3,1.899437746E-3
9.472032842E1,3.318618983E-4,7.615517825E-4,2.296188148E-3
9.482081842E1,-5.965316668E-4,-2.525809687E-3,7.288181223E-4
9.492130900E1,-1.795396209E-3,2.533861902E-3,9.570787661E-4
9.502179900E1,-1.622717828E-4,1.522358507E-3,-8.303436916E-4
9.512228900E1,-1.057068817E-3,7.556397468E-4,1.918897033E-5
9.522278000E1,3.020819277E-4,1.469780691E-3,1.761214808E-4
9.532327000E1,5.554091185E-4,-2.002408728E-4,-1.414295984E-3
9.542376100E1,3.201016225E-3,4.021069035E-4,1.644079108E-3
9.552425100E1,-2.426944673E-3,6.715864874E-4,4.828856327E-4
9.562474200E1,1.797136851E-3,8.315327577E-4,-1.689807861E-3
9.572523200E1,1.646338031E-3,1.071789302E-4,-1.178964740E-3
9.582572300E1,-6.812149659E-4,4.707430489E-4,-2.080694539E-3
9.592621300E1,-1.436308026E-3,1.406339929E-3,-4.147139844E-4
9.602670400E1,1.168838702E-3,-8.288761601E-4,-2.393194474E-3
9.612719400E1,-7.151085883E-4,-8.143107407E-4,7.607648149E-5
9.622768500E1,-2.885167487E-3,1.630954444E-3,-1.035894500E-3
9.632817600E1,-5.334019661E-4,1.654921100E-3,5.594636314E-4
9.642866600E1,-1.140668988E-3,2.118235920E-3,-5.432623439E-4
9.652915700E1,1.332787797E-4,-9.939577430E-4,-6.729620509E-4
9.662964800E1,-2.064141445E-3,-1.101521775E-4,3.867119085E-4
9.673013900E1,-3.033029847E-3,-7.582898252E-4,-4.025367089E-4
9.683062900E1,2.124591731E-3,1.801592298E-4,2.719217446E-4
9.693112129E1,1.369137317E-5,7.240572013E-4,1.093927072E-3
9.703161229E1,3.764141351E-3,-1.977853477E-3,1.039721537E-3
9.713210329E1,-1.798250712E-3,-3.894041292E-4,2.212356776E-6
9.723259429E1,-3.946442157E-4,-1.551839523E-3,-1.093307626E-3
9.733308529E1,-8.397893980E-4,-1.861121505E-3,-6.258445792E-4
9.743357529E1,1.841764897E-3,-9.714136831E-4,1.630239189E-3
9.753406629E1,-1.674056053E-3,-1.691717654E-3,1.058268826E-4
9.763455729E1,-1.638652757E-3,2.024775837E-3,7.622253615E-4
9.773504829E1,-1.523674466E-3,-2.030718606E-3,-7.232623175E-4
9.783553929E1,-2.791733481E-3,-1.170691103E-4,-7.548215799E-4
9.793602925E1,9.936271235E-4,-3.228881396E-4,1.271373592E-3
9.803652025E1,-1.715848222E-3,-3.087976016E-3,3.619380295E-4
9.813701125E1,-1.680083573E-3,4.816817120E-3,-2.041993663E-3
9.823750225E1,1.257458702E-3,-2.168732695E-3,-1.011784188E-3
9.833799325E1,-2.402999438E-3,7.209880278E-4,1.890021842E-3
9.843848425E1,-1.850939356E-3,5.263551138E-4,6.040572189E-4
9.853897525E1,-4.485296085E-4,2.598546445E-3,-1.166269649E-4
9.863946625E1,1.093289815E-3,-3.448419040E-3,-1.256006188E-3
9.873995725E1,1.501851715E-3,3.951948136E-3,1.955240034E-3
9.884044825E1,-1.650917344E-3,3.112880513E-3,2.232213039E-3
9.894093975E1,3.124987707E-4,-8.429237641E-4,-2.533376683E-4
9.904143075E1,-6.893053651E-4,-7.036374882E-4,-8.142716251E-5
9.914192175E1,9.293742478E-4,1.932045911E-3,7.161791436E-4
9.924241275E1,5.018496886E-4,-1.716852188E-3,1.233552815E-3
9.934290375E1,-1.250347123E-4,1.973208040E-3,9.156123269E-4
9.944339475E1,-3.346364945E-3,-5.351379514E-6,-7.636307273E-4
9.954388575E1,1.539059915E-3,-2.056499012E-3,-1.007668674E-3
9.964437675E1,3.196046688E-3,3.164913505E-4,-1.116698375E-3
9.974486775E1,-1.798870973E-3,2.410746180E-3,4.564318806E-5
9.984535875E1,-2.021315508E-3,-1.971178222E-3,-7.704531308E-4
9.994585067E1,-6.678709760E-4,-1.543017570E-3,3.458273830E-3
1.000463417E2,6.353715435E-4,2.951712813E-3,2.163987607E-3
1.001468327E2,5.676783621E-5,9.973701090E-4,1.281365752E-3
1.002473227E2,-1.388092525E-3,1.625395380E-4,2.393608447E-4
1.003478137E2,1.072303392E-3,-7.072505541E-4,1.622648211E-3
1.004483037E2,1.120304689E-3,-1.793079544E-3,6.723317783E-4
1.005487937E2,7.955450565E-4,8.261417970E-4,2.281778725E-3
1.006492847E2,1.437496394E-5,-1.648692414E-4,1.313306391E-3
1.007497747E2,-1.329873689E-3,8.693835698E-4,-7.134396583E-5
1.008502647E2,5.691852421E-4,-2.796769142E-3,3.554406576E-4
1.009507544E2,1.429406926E-3,6.026164629E-4,6.929887459E-4
1.010512444E2,-1.215511933E-3,4.249531776E-5,-2.200337127E-3
1.011517344E2,-8.757337928E-4,-4.370948300E-4,1.115985448E-3
1.012522234E2,-8.916892111E-4,-1.571111381E-3,1.592841931E-3
1.013527134E2,2.038785256E-3,9.397021495E-4,7.043078076E-4
1.014532034E2,-6.119823083E-4,-1.877737232E-4,-6.687024143E-4
1.015536924E2,-1.972001046E-4,1.961647999E-3,-1.469487324E-5
1.016541824E2,1.394685358E-3,2.789995633E-4,5.008296575E-4
1.017546724E2,-2.326142974E-3,-4.321676679E-4,-1.297519193E-3
1.018551624E2,-1.374780200E-3,7.066410035E-4,-7.656076923E-4
1.019556524E2,7.684193552E-4,4.029697739E-4,2.236082219E-5
1.020561424E2,3.369702026E-4,9.474959224E-4,-9.140972979E-4
1.021566324E2,-5.167564377E-4,-9.537362494E-4,-1.135799568E-3
1.022571224E2,-5.693156272E-4,9.657363407E-4,-6.778631359E-4
1.023576124E2,-1.381400041E-3,-2.535510343E-3,-1.860373770E-3
1.024581024E2,-1.298360527E-3,-3.219055943E-4,-1.386612654E-3
1.025585934E2,-2.153292298E-4,-5.300068296E-4,3.588467371E-4
1.026590834E2,-1.165969297E-4,1.484731678E-3,-9.401296265E-4
1.027595734E2,-1.032399945E-3,3.671934828E-4,1.120119588E-3
1.028600644E2,3.812788054E-4,1.260590274E-3,9.753955528E-4
1.029605542E2,-4.931408912E-4,4.109878559E-3,7.963306271E-4
1.030610452E2,-8.066520095E-4,-1.753383316E-3,5.749296397E-4
1.031615362E2,-4.036994651E-4,1.958559267E-3,-1.344885677E-3
1.032620262E2,-1.922299154E-3,-1.110276207E-4,6.441636942E-4
1.033625172E2,-2.306979150E-5,-2.321824431E-4,5.374264438E-4
1.034630082E2,-1.851674169E-4,-1.590294763E-3,6.324998103E-4
1.035634982E2,-4.574563354E-5,-3.812592477E-4,5.097594112E-5
1.036639892E2,5.343789235E-4,-8.641742170E-4,4.669544287E-4
1.037644802E2,-1.514369622E-3,6.726109423E-4,-3.982162103E-3
1.038649712E2,1.355506480E-3,-6.836103275E-4,-1.317143673E-3
1.039654621E2,-1.949635334E-3,-1.731646247E-3,-9.496589191E-4
1.040659531E2,8.373484015E-4,3.156457096E-4,2.467484912E-3
1.041664441E2,-6.641643122E-4,2.042599954E-3,6.970609538E-4
1.042669351E2,3.109338693E-3,3.083229996E-3,1.601362601E-3
1.043674261E2,-1.026075333E-4,9.239101782E-4,2.390588634E-5
1.044679171E2,-6.045382470E-4,4.450586624E-3,-1.160883578E-3
1.045684081E2,-1.934890635E-3,2.448079176E-4,-4.640726838E-4
1.046688991E2,1.609275118E-3,-4.115803167E-4,2.780403011E-4
1.047693901E2,9.249281138E-4,-4.089861177E-4,3.989257384E-4
1.048698821E2,-6.098104641E-4,-7.419134490E-4,1.832664013E-3
1.049703732E2,-2.055708319E-5,1.653644256E-3,6.412079092E-4
1.050708642E2,-4.392880946E-4,-1.342574600E-3,-3.750545438E-4
1.051713562E2,1.412734389E-3,6.471397355E-4,1.097556669E-4
1.052718472E2,1.987331547E-3,-1.548956614E-3,-1.725356560E-4
1.053723382E2,6.380965933E-4,2.480778843E-3,-2.555709798E-3
1.054728302E2,1.521694474E-3,-2.856184728E-4,-1.263563056E-3
1.055733212E2,3.895248286E-3,-3.747318406E-3,-2.275688807E-3
1.056738132E2,-1.410452649E-3,5.569690838E-4,-3.696882632E-4
1.057743042E2,1.146592200E-3,2.552050631E-3,2.097357763E-3
1.058747962E2,-1.451266930E-3,-1.426774543E-3,8.057062514E-4
1.059752874E2,-1.669088379E-4,-9.769154713E-5,-1.278843265E-4
1.060757794E2,2.078778110E-3,-4.974738695E-4,2.489767037E-3
1.061762704E2,-1.715266146E-3,-1.584497280E-3,-3.185238922E-3
1.062767624E2,1.931298524E-3,-3.383960575E-4,1.710754819E-3
1.063772534E2,-4.101821221E-3,9.732525796E-4,1.661258284E-3
1.064777454E2,-9.027114138E-4,-6.835474633E-4,-9.560519829E-4
1.065782374E2,6.873160601E-7,2.077934798E-3,1.637368463E-3
1.066787284E2,1.832222566E-3,2.900748979E-3,-8.132383227E-4
1.067792204E2,-8.404534310E-4,-1.061682124E-3,-1.280119177E-4
1.068797124E2,-1.449749805E-3,6.070947275E-4,-5.680413451E-4
1.069802042E2,2.385806292E-4,3.668990918E-3,-2.340059727E-3
1.070806953E2,2.683214843E-3,1.070130616E-3,-9.792104829E-4
1.071811873E2,2.102753147E-3,5.795261823E-4,9.847444016E-4
1.072816793E2,-3.734304570E-3,3.224278335E-3,8.266039658E-4
1.073821713E2,-1.089375466E-3,-5.326159298E-4,1.767749665E-3
1.074826633E2,4.457905889E-4,4.789009690E-4,1.759489300E-3
1.075831553E2,7.621720433E-4,1.357384026E-4,-1.107591670E-4
1.076836472E2,-7.478231564E-4,-2.082056366E-3,2.719399286E-3
1.077841382E2,-1.924592070E-3,2.986981068E-3,1.577623887E-3
1.078846302E2,-1.117806882E-3,-1.180684194E-4,-8.525187150E-5
1.079851224E2,1.223800704E-3,2.368686255E-3,4.922791850E-4
1.080856144E2,-6.225546822E-4,-1.249975991E-3,-5.313090514E-4
1.081861074E2,-1.100236550E-3,-1.262574457E-3,7.587205619E-4
1.082865994E2,-1.170609146E-3,-3.597280011E-4,-2.365383087E-3
1.083870914E2,-1.628506929E-3,-2.120370045E-3,1.025858335E-3
1.084875834E2,1.048780978E-3,1.754314639E-3,9.488682263E-4
1.085880754E2,-1.732353121E-4,1.877318136E-3,-4.929960705E-4
1.086885674E2,-1.285749488E-3,-1.311497297E-3,4.242723808E-4
1.087890594E2,-7.128370926E-4,-3.989487886E-4,-1.828497974E-3
1.088895524E2,8.201561868E-4,8.900184184E-4,6.421469152E-6
1.089900443E2,1.021943055E-3,-2.194304019E-3,-1.403781003E-3
1.090905363E2,3.267600201E-3,-2.544510644E-3,-5.752360448E-4
1.091910283E2,6.912630051E-4,4.862736911E-3,-1.186031150E-3
1.092915203E2,-9.646667168E-4,3.405716270E-4,-2.279541455E-3
1.093920133E2,-2.913090400E-3,2.896585967E-3,-1.555374125E-3
1.094925053E2,1.850708388E-3,3.814992961E-3,1.461007632E-4
1.095929973E2,3.219936043E-3,-2.100798767E-3,3.633843735E-4
1.096934892E2,-1.002009958E-5,6.732880138E-4,6.564434152E-4
1.097939823E2,5.733920261E-4,3.686111420E-3,-5.741857458E-4
1.098944744E2,-1.181987114E-3,9.978190064E-5,-5.397154018E-5
1.099949664E2,4.253927618E-4,-1.427037176E-3,-1.282081357E-3
1.100954594E2,5.120513961E-4,-9.311921895E-4,1.386085059E-4
1.101959514E2,4.908572882E-4,-2.836175263E-4,-1.611974789E-3
1.102964434E2,-1.595462672E-3,-1.385094598E-3,-6.399999838E-4
1.103969364E2,-2.285921015E-3,5.832035094E-4,5.613220856E-5
1.104974284E2,4.420205951E-4,-1.078524627E-3,1.054225955E-3
1.105979204E2,2.046323381E-3,-1.286527142E-3,3.464445472E-4
1.106984134E2,1.104628667E-3,1.244680025E-3,9.030159563E-4
1.107989054E2,-2.019824460E-4,-1.103718765E-3,-9.381654672E-4
1.108993983E2,-6.815120578E-4,-4.324871115E-4,-1.085412223E-4
1.109998903E2,-4.007667303E-4,3.842129372E-3,3.411336802E-4
1.111003823E2,1.926735975E-3,3.590955865E-3,-1.086993609E-3
1.112008753E2,-1.355003566E-3,-1.678462606E-3,1.814395655E-4
1.113013673E2,2.702347003E-3,-2.586273476E-4,6.261810195E-4
1.114018603E2,-1.940983348E-3,-5.044382997E-4,9.629253764E-4
1.115023523E2,9.634690359E-4,-4.373807460E-3,-2.593785990E-3
1.116028452E2,-1.765432768E-3,6.882552989E-4,-3.097214270E-3
1.117033373E2,-2.608355135E-5,-7.874271832E-4,1.523700776E-3
1.118038293E2,2.357538790E-3,-1.039516181E-3,1.217932673E-3
1.119043224E2,-2.089552581E-4,7.687788457E-4,6.302695256E-4
1.120048144E2,-1.643832773E-3,1.766547095E-3,-8.827394340E-4
1.121053074E2,-9.246785194E-4,-5.192174576E-4,1.222693827E-4
1.122057994E2,-2.091813833E-3,-9.443792515E-4,7.455197629E-4
1.123062914E2,8.609285578E-4,1.675650012E-3,1.637449488E-3
1.124067844E2,-8.149715140E-4,-1.945191063E-3,1.659697620E-3
1.125072764E2,6.526242942E-5,2.978760749E-4,3.326684237E-4
1.126077684E2,1.328783110E-4,1.170884352E-3,1.088268589E-3
1.127082604E2,1.452202909E-3,2.508940641E-3,7.077027112E-4
1.128087524E2,1.639014110E-3,-1.063668635E-3,3.384519368E-4
1.129092435E2,9.248778224E-4,2.388609573E-4,-4.254844971E-4
1.130097355E2,-2.603260800E-4,1.814696006E-4,-5.522519350E-4
1.131102275E2,7.574968040E-4,-1.248211134E-3,-1.201987499E-3
1.132107185E2,-5.856165662E-4,2.525345422E-3,7.235594094E-4
1.133112095E2,-8.364729583E-4,1.724175643E-3,1.086474163E-3
1.134117015E2,1.669785008E-3,-3.744717687E-4,-2.693300601E-3
1.135121925E2,-1.094940118E-3,3.648521379E-4,1.191126648E-4
1.136126835E2,-9.301751852E-4,-2.194414847E-4,1.615529647E-3
1.137131745E2,7.450496778E-4,-1.693646424E-3,-2.247456461E-3
1.138136655E2,-9.515136480E-5,-2.689934336E-4,-8.112236392E-4
1.139141585E2,-2.095011063E-3,1.657006796E-3,5.239781458E-4
1.140146495E2,-1.148168929E-3,-5.441391841E-5,-5.343696102E-5
1.141151405E2,-2.593787387E-3,-1.974301878E-3,1.759425038E-3
1.142156305E2,5.501657724E-4,1.859948039E-3,-7.791605312E-4
1.143161215E2,1.832568087E-3,-1.741695683E-3,-4.978450015E-4
1.144166115E2,-8.187340572E-4,1.082038507E-4,-1.196712255E-4
1.145171025E2,-5.353186280E-4,3.030530177E-3,3.419760615E-4
1.146175925E2,1.084068790E-4,-4.881493282E-3,4.580118693E-4
1.147180825E2,-6.415350363E-4,-2.197118942E-3,-2.185738180E-3
1.148185725E2,-1.082099043E-3,-3.145169467E-4,-7.315981202E-5
1.149190600E2,3.369515762E-4,-6.087939255E-4,-1.204521046E-3
1.150195500E2,2.976637334E-4,1.780766062E-3,2.292701975E-4
1.151200400E2,7.917108014E-4,-1.561893150E-4,1.743778354E-3
1.152205300E2,5.956906825E-4,-1.104612835E-3,2.631063573E-3
1.153210200E2,-4.877578467E-4,2.139836550E-3,-1.241851249E-3
1.154215100E2,6.166175008E-4,-1.939421054E-3,-3.201479558E-4
1.155219990E2,-4.273168743E-4,1.556877978E-3,-4.956724588E-4
1.156224890E2,-2.037444152E-3,5.672769621E-4,1.210843446E-3
1.157229790E2,1.961985603E-3,-1.869840547E-3,1.453935402E-3
1.158234690E2,-1.784693450E-5,3.579761833E-4,1.706953393E-3
1.159239623E2,8.517066017E-4,-1.187266316E-3,-1.346147619E-4
1.160244523E2,-2.093702555E-3,-1.463873778E-3,1.258608419E-3
1.161249413E2,-2.073585056E-3,2.528605051E-3,-8.297397289E-4
1.162254313E2,1.634374261E-3,7.375692949E-4,9.263020474E-4
1.163259203E2,-7.321666926E-4,8.379085921E-4,-3.745909780E-4
1.164264103E2,-8.412152529E-4,8.555632085E-4,5.965533201E-4
1.165268993E2,5.342904478E-5,4.064356443E-3,1.494657481E-3
1.166273893E2,-3.949152306E-4,-2.486753743E-3,-1.921479125E-4
1.167278783E2,8.793910965E-4,-1.453398727E-3,9.036622941E-6
1.168283683E2,-2.565152012E-3,-9.103436023E-4,2.624827903E-4
1.169288537E2,2.352036536E-4,-1.654322725E-3,4.460394848E-4
1.170293428E2,-2.199564129E-3,-3.092749976E-4,5.722267088E-4
1.171298318E2,-1.263450831E-4,-8.253338747E-4,-8.106809109E-4
1.172303218E2,1.054485328E-3,-5.116746761E-4,2.300300635E-3
1.173308107E2,3.517009318E-4,-1.054873690E-3,-9.145045187E-4
1.174312997E2,-1.929480582E-3,3.231062554E-3,2.145548584E-3
1.175317887E2,-3.864131868E-4,1.686046831E-3,-1.542300452E-4
1.176322778E2,-7.599256933E-4,1.207571011E-3,7.659359835E-5
1.177327668E2,1.775583252E-3,2.128607128E-3,1.688612159E-3
1.178332558E2,2.352531068E-3,-1.169226598E-3,-6.169453263E-5
1.179337452E2,-1.268328167E-3,7.384568453E-4,-9.796433151E-4
1.180342342E2,-8.738944307E-4,-3.286616877E-3,1.640021568E-3
1.181347232E2,8.757598698E-4,4.563722759E-4,-1.573229674E-4
1.182352123E2,-1.228395849E-4,-1.274811570E-3,6.393122021E-4
1.183357002E2,1.519394107E-3,2.146267798E-3,-8.413451724E-5
1.184361893E2,-4.884833470E-4,-7.362668402E-4,-3.751455806E-4
1.185366783E2,-8.973674849E-4,-2.484987490E-3,8.596247062E-5
1.186371673E2,5.251197144E-4,3.030813299E-3,-8.685430512E-4
1.187376563E2,-1.884290949E-3,8.785966784E-4,-1.143578324E-3
1.188381452E2,-1.586375758E-3,-1.487970818E-3,2.925035311E-3
1.189386353E2,6.582345814E-4,-7.083546370E-4,-2.512200503E-3
1.190391232E2,-1.018400304E-3,-1.127922442E-3,-2.763201483E-4
1.191396123E2,-1.060988754E-3,7.856818847E-4,-4.894696176E-4
1.192401013E2,3.272900358E-4,3.315974027E-6,7.503582165E-4
1.193405893E2,3.061610274E-3,1.181890257E-3,2.928870730E-3
1.194410783E2,-1.521586441E-3,3.963382915E-4,-4.927548580E-4
1.195415673E2,-2.964408137E-3,-1.834323164E-3,-8.962813299E-4
1.196420553E2,1.090530306E-3,-2.974409610E-3,1.873546280E-4
1.197425443E2,-1.346636564E-4,1.953735482E-3,1.926979283E-3
1.198430333E2,-7.025599480E-4,-1.796544529E-4,-3.384260926E-4
1.199435204E2,1.142223366E-3,-2.409275621E-4,-4.472155124E-4