"Time (s)","X (µT)","Y (µT)","Z (µT)"
8.541599999E-2,-2.304958725E1,-2.812384605E0,-4.939946365E1
1.859060000E-1,-2.307441902E1,-2.759270668E0,-4.915933609E1
2.863896667E-1,-2.304475975E1,-2.954685211E0,-4.934283829E1
3.868796667E-1,-2.294579124E1,-3.003576279E0,-4.942324448E1
4.873686667E-1,-2.303037643E1,-2.831381798E0,-4.931658554E1
5.878586667E-1,-2.302569962E1,-2.951951981E0,-4.928746414E1
6.883476666E-1,-2.303379250E1,-2.989316940E0,-4.924689102E1
7.888366667E-1,-2.306265450E1,-2.922313690E0,-4.937430954E1
8.893266667E-1,-2.305945206E1,-3.018160820E0,-4.943159103E1
9.898156667E-1,-2.318824768E1,-2.736123085E0,-4.954207993E1
1.090305667E0,-2.313597107E1,-2.904397011E0,-4.942902756E1
1.190794667E0,-2.309150505E1,-2.781867027E0,-4.965336990E1
1.291283792E0,-2.312273026E1,-2.878905296E0,-4.934753799E1
1.391773792E0,-2.303618240E1,-2.944819450E0,-4.959402084E1
1.492262792E0,-2.304661942E1,-2.915658951E0,-4.955504227E1
1.592752792E0,-2.296908188E1,-2.995368958E0,-4.939657974E1
1.693241792E0,-2.305117416E1,-2.912565231E0,-4.949444199E1
1.793730792E0,-2.294931793E1,-2.915203094E0,-4.936825943E1
1.894220792E0,-2.298454094E1,-2.810924530E0,-4.942448807E1
1.994709792E0,-2.296421814E1,-2.987095833E0,-4.942762375E1
2.095198792E0,-2.302458572E1,-2.997001648E0,-4.957995224E1
2.195688792E0,-2.291878891E1,-2.946421623E0,-4.949954605E1
2.296182000E0,-2.286132240E1,-3.033595085E0,-4.940250778E1
2.396671000E0,-2.277499390E1,-3.091624260E0,-4.928424454E1
2.497160000E0,-2.284176826E1,-3.025107384E0,-4.958423996E1
2.597650000E0,-2.276427460E1,-3.127927780E0,-4.939104843E1
2.698139000E0,-2.292142487E1,-3.269546509E0,-4.963703537E1
2.798628000E0,-2.290959167E1,-3.130038261E0,-4.942953873E1
2.899118000E0,-2.290036774E1,-3.058331490E0,-4.950094986E1
2.999607000E0,-2.281648636E1,-3.171382904E0,-4.935013962E1
3.100096000E0,-2.280297470E1,-3.107988358E0,-4.952786636E1
3.200581417E0,-2.290522385E1,-3.013045311E0,-4.960033035E1
3.301070417E0,-2.272918320E1,-2.921503067E0,-4.950348282E1
3.401560417E0,-2.263658905E1,-3.181374550E0,-4.946788406E1
3.502049417E0,-2.280153084E1,-2.866048813E0,-4.950516129E1
3.602538417E0,-2.277892303E1,-3.097771645E0,-4.944245529E1
3.703027417E0,-2.281930542E1,-2.967673302E0,-4.925436783E1
3.803516417E0,-2.273675156E1,-2.948689461E0,-4.951734543E1
3.904006417E0,-2.270101166E1,-2.995398521E0,-4.943411636E1
4.004495417E0,-2.277153015E1,-3.038285255E0,-4.957636642E1
4.104984417E0,-2.279811478E1,-2.803636551E0,-4.969094467E1
4.205472625E0,-2.277938080E1,-3.036007881E0,-4.971091080E1
4.305961625E0,-2.283468246E1,-2.970602036E0,-4.976650620E1
4.406450625E0,-2.286285591E1,-3.049966812E0,-4.956555557E1
4.506939625E0,-2.282331467E1,-3.085566521E0,-4.978704453E1
4.607429625E0,-2.277980232E1,-2.963088989E0,-4.974549484E1
4.707918625E0,-2.286520767E1,-2.945101738E0,-4.972227859E1
4.808407625E0,-2.293598366E1,-3.057581902E0,-4.978407669E1
4.908896625E0,-2.292285538E1,-2.917108536E0,-4.966318130E1
5.009385625E0,-2.293040276E1,-3.014240265E0,-4.958292770E1
5.109874625E0,-2.304797363E1,-2.865481377E0,-4.963142014E1
5.210363792E0,-2.293537140E1,-2.859388351E0,-4.965011978E1
5.310852792E0,-2.299531174E1,-2.969621658E0,-4.948758316E1
5.411341792E0,-2.305521774E1,-3.023160934E0,-4.957158279E1
5.511830792E0,-2.302054214E1,-3.191832542E0,-4.959437943E1
5.612319792E0,-2.312840652E1,-2.904448509E0,-4.964545822E1
5.712808792E0,-2.304870224E1,-3.071887970E0,-4.924551010E1
5.813297792E0,-2.316901398E1,-2.982857704E0,-4.934497452E1
5.913786792E0,-2.354244232E1,-3.121277809E0,-4.918564987E1
6.014275792E0,-2.524660301E1,-4.151803970E0,-4.841890335E1
6.114764792E0,-2.651329422E1,-6.500281334E0,-4.739636993E1
6.215253750E0,-2.714928436E1,-8.572628021E0,-4.618780136E1
6.315742750E0,-2.716290665E1,-1.065328407E1,-4.560423279E1
6.416231750E0,-2.634898376E1,-1.331091499E1,-4.460756683E1
6.516720750E0,-2.541351318E1,-1.617304039E1,-4.382725906E1
6.617209750E0,-2.498529053E1,-1.916044235E1,-4.240019608E1
6.717698750E0,-2.562717819E1,-2.265851974E1,-4.022691345E1
6.818187750E0,-2.603690720E1,-2.593073845E1,-3.813827896E1
6.918676750E0,-2.549862099E1,-2.768237114E1,-3.702334595E1
7.019165750E0,-2.492987442E1,-2.858301353E1,-3.685541916E1
7.119654750E0,-2.447041321E1,-2.812884712E1,-3.777384949E1
7.220144042E0,-2.451191711E1,-2.620439720E1,-3.927929306E1
7.320633042E0,-2.397855377E1,-2.070180893E1,-4.318669128E1
7.421122042E0,-2.399896049E1,-1.433851242E1,-4.634866714E1
7.521611042E0,-2.295280838E1,-1.050549889E1,-4.793783951E1
7.622100042E0,-2.276190948E1,-8.559165955E0,-4.821172714E1
7.722589042E0,-2.229993057E1,-4.568917274E0,-4.865962601E1
7.823078042E0,-2.164937973E1,-8.754444122E-1,-4.902573013E1
7.923567042E0,-2.001399231E1,2.591973782E0,-4.847685623E1
8.024056042E0,-1.933250237E1,5.689960480E0,-4.742133331E1
8.124544042E0,-2.062249756E1,8.224668503E0,-4.634493637E1
8.225033500E0,-2.133192062E1,1.067872143E1,-4.527556610E1
8.325522500E0,-2.180506897E1,1.280930901E1,-4.414014816E1
8.426011500E0,-2.198868179E1,1.465793610E1,-4.308488464E1
8.526500500E0,-2.192577744E1,1.475107098E1,-4.280431747E1
8.626989500E0,-2.121157646E1,1.351957989E1,-4.378848267E1
8.727478500E0,-2.079085541E1,9.976610184E0,-4.597138977E1
8.827967500E0,-2.046479797E1,6.782795906E0,-4.723935699E1
8.928455500E0,-2.004401016E1,5.503104210E0,-4.715506744E1
9.028944500E0,-1.957715034E1,5.381808281E0,-4.651589966E1
9.129433500E0,-1.960810852E1,5.358327866E0,-4.586698151E1
9.229921250E0,-1.873756027E1,6.294769287E0,-4.542297745E1
9.330410250E0,-1.710542107E1,7.598411560E0,-4.460978699E1
9.430899250E0,-1.651151466E1,1.009670639E1,-4.388063049E1
9.531387250E0,-1.733024216E1,1.068303680E1,-4.343804932E1
9.631876250E0,-1.607945824E1,1.246516228E1,-4.308853531E1
9.732365250E0,-1.415579128E1,1.404569530E1,-4.300483704E1
9.832854250E0,-1.245749569E1,1.545129013E1,-4.256818771E1
9.933343250E0,-1.334721279E1,1.442518997E1,-4.279114914E1
1.003383225E1,-1.496643257E1,1.282539558E1,-4.344460297E1
1.013432025E1,-1.641344833E1,9.983903885E0,-4.415920258E1
1.023481000E1,-1.791278076E1,7.129476547E0,-4.510649872E1
1.033529900E1,-1.840209961E1,5.685240746E0,-4.596053696E1
1.043578800E1,-1.856392097E1,4.978057384E0,-4.699594498E1
1.053627700E1,-1.886932755E1,3.878639698E0,-4.834455490E1
1.063676500E1,-1.893747711E1,2.594827175E0,-4.964350510E1
1.073725400E1,-1.929167557E1,5.828304291E-1,-5.119130325E1
1.083774300E1,-1.788491249E1,-4.665050507E-1,-5.306188583E1
1.093823200E1,-1.645292282E1,-1.561413765E0,-5.485455704E1
1.103872000E1,-1.511659050E1,-2.208888054E0,-5.756147385E1
1.113920900E1,-1.272669029E1,-3.157661438E0,-6.191862106E1
1.123969767E1,-1.168576336E1,-5.791887283E0,-6.579108429E1
1.134018667E1,-1.100662231E1,-7.969581604E0,-6.573429108E1
1.144067567E1,-1.289879704E1,-1.289506149E1,-6.319561386E1
1.154116367E1,-1.377150822E1,-1.696542549E1,-5.993376541E1
1.164165267E1,-1.469504547E1,-1.959846687E1,-5.731363297E1
1.174214167E1,-1.801208878E1,-2.269419098E1,-5.324769974E1
1.184263067E1,-2.089819336E1,-2.514489555E1,-4.850384903E1
1.194311867E1,-2.055738449E1,-2.583659935E1,-4.600214767E1
1.204360767E1,-2.027690125E1,-2.520254707E1,-4.424680328E1
1.214409667E1,-1.924625778E1,-2.403654289E1,-4.292614746E1
1.224458550E1,-1.696687698E1,-2.175661087E1,-4.327798843E1
1.234507350E1,-1.656252289E1,-1.923970985E1,-4.291231155E1
1.244556250E1,-1.648295403E1,-1.665448380E1,-4.258359146E1
1.254605150E1,-1.286733627E1,-1.191351891E1,-4.417932510E1
1.264653950E1,-1.164082909E1,-7.880378723E0,-4.475443649E1
1.274702850E1,-1.147846508E1,-4.576690674E0,-4.500302505E1
1.284751750E1,-9.854489326E0,-2.691087723E-1,-4.532745361E1
1.294800650E1,-1.076376534E1,3.493099689E0,-4.511227417E1
1.304849450E1,-1.233297729E1,7.549549103E0,-4.456263733E1
1.314898350E1,-1.493666267E1,1.034611130E1,-4.389587402E1
1.324947700E1,-1.669339180E1,1.231027985E1,-4.297942352E1
1.334996500E1,-1.790452957E1,1.375313759E1,-4.278780365E1
1.345045400E1,-2.311988449E1,1.569754028E1,-4.155105591E1
1.355094300E1,-2.610585976E1,1.446193695E1,-3.810086441E1
1.365143200E1,-2.688591957E1,1.056566715E1,-3.535142517E1
1.375192000E1,-2.577910614E1,8.722374916E0,-3.549662018E1
1.385240900E1,-2.551600266E1,5.922297955E0,-3.644741058E1
1.395289800E1,-2.495087814E1,2.479753494E0,-3.731718445E1
1.405338600E1,-2.446274948E1,-1.977997780E0,-3.769804001E1
1.415387500E1,-2.588295937E1,-7.957891464E0,-3.615455627E1
1.425436004E1,-2.400010109E1,-1.040155029E1,-3.669062805E1
1.435484904E1,-2.165124893E1,-1.237489319E1,-3.719314957E1
1.445533704E1,-1.909409714E1,-1.264335060E1,-3.790385437E1
1.455582604E1,-1.847682762E1,-1.375063896E1,-3.791071320E1
1.465631504E1,-1.841708374E1,-1.482467079E1,-3.734565735E1
1.475680404E1,-2.046411133E1,-1.666144180E1,-3.578144455E1
1.485729204E1,-2.430605698E1,-1.922844696E1,-3.213169861E1
1.495778104E1,-2.800533104E1,-2.106266403E1,-2.816855240E1
1.505827004E1,-2.896866608E1,-2.297309303E1,-2.574114609E1
1.515875804E1,-2.928085136E1,-2.418862343E1,-2.431394577E1
1.525924675E1,-2.956467247E1,-2.478388786E1,-2.345137787E1
1.535973575E1,-2.952950478E1,-2.438521767E1,-2.352197647E1
1.546022475E1,-3.153701973E1,-2.196326637E1,-2.380952454E1
1.556071275E1,-3.184748268E1,-1.952261353E1,-2.556079865E1
1.566120175E1,-2.927104759E1,-1.712194633E1,-2.966600418E1
1.576169075E1,-2.629137611E1,-1.425436401E1,-3.346037674E1
1.586217875E1,-2.271900558E1,-1.097560883E1,-3.681502533E1
1.596266775E1,-2.272080994E1,-9.919612885E0,-3.710231400E1
1.606315675E1,-2.290154076E1,-7.923002243E0,-3.591567612E1
1.616364575E1,-2.665507126E1,-6.831710815E0,-3.323164749E1
1.626413304E1,-2.754032326E1,-5.182244301E0,-3.495357895E1
1.636462204E1,-2.952658653E1,-6.743268967E0,-3.364169312E1
1.646511104E1,-2.840795517E1,-9.133253098E0,-3.440901566E1
1.656559904E1,-2.717912292E1,-1.471480370E1,-3.305836868E1
1.666608804E1,-2.622441483E1,-1.883641434E1,-3.161250305E1
1.676657704E1,-2.456578445E1,-2.383317757E1,-3.028223038E1
1.686706604E1,-2.118651390E1,-2.746738625E1,-2.938738251E1
1.696755404E1,-1.754983521E1,-2.907014656E1,-3.005861282E1
1.706804304E1,-1.523073196E1,-2.869296074E1,-3.127064133E1
1.716853204E1,-1.519150352E1,-2.732051659E1,-3.230970383E1
1.726902112E1,-1.491197777E1,-2.398644829E1,-3.488562393E1
1.736951013E1,-1.474312115E1,-1.937778091E1,-3.732790375E1
1.746999812E1,-1.783643723E1,-1.602882576E1,-3.791460037E1
1.757048713E1,-1.957251358E1,-1.323584366E1,-3.823065948E1
1.767097612E1,-2.157200623E1,-9.970336914E0,-3.813978577E1
1.777146513E1,-2.431981087E1,-6.357849121E0,-3.692691803E1
1.787195312E1,-2.659511948E1,-2.936842918E0,-3.603652191E1
1.797244213E1,-2.880955505E1,-4.522857666E-1,-3.465044785E1
1.807293113E1,-2.832431221E1,2.946738243E0,-3.481190109E1
1.817342012E1,-2.792870140E1,5.904065132E0,-3.459940720E1
1.827390975E1,-2.734600258E1,5.562763691E0,-3.522159958E1
1.837439875E1,-3.048795700E1,2.721979618E0,-3.334530258E1
1.847488675E1,-3.170904350E1,-6.379184723E-1,-3.234919357E1
1.857537575E1,-3.006692505E1,-3.531677246E0,-3.348910141E1
1.867586475E1,-2.798457718E1,-6.327316284E0,-3.445961380E1
1.877635375E1,-2.598610687E1,-9.292482376E0,-3.520439529E1
1.887684275E1,-2.486500740E1,-1.193379402E1,-3.530451584E1
1.897733175E1,-2.354436302E1,-1.221037865E1,-3.629500961E1
1.907781975E1,-2.259804535E1,-1.313880348E1,-3.663832092E1
1.917830875E1,-2.486221313E1,-1.261547279E1,-3.563941574E1
1.927879762E1,-2.670456696E1,-1.004822159E1,-3.565990829E1
1.937928663E1,-2.646071815E1,-7.580850601E0,-3.642799759E1
1.947977562E1,-2.559298706E1,-4.999346733E0,-3.742076492E1
1.958026463E1,-2.595720291E1,-4.245921135E0,-3.737406921E1
1.968075362E1,-2.503878021E1,-8.580665588E-1,-3.813032913E1
1.978124262E1,-2.476549911E1,1.394437790E0,-3.797750854E1
1.988173062E1,-2.470639801E1,1.474200249E0,-3.810892487E1
1.998221962E1,-2.451638985E1,-1.236937523E0,-3.802101517E1
2.008270863E1,-2.788796043E1,-8.677278519E0,-3.421523285E1
2.018319762E1,-2.765015984E1,-1.133751869E1,-3.350066757E1
2.028368613E1,-2.944956589E1,-1.556968880E1,-3.054615402E1
2.038417512E1,-3.067524910E1,-1.898212242E1,-2.768887711E1
2.048466413E1,-2.921246910E1,-2.108911324E1,-2.741256714E1
2.058515312E1,-2.817264557E1,-2.288314438E1,-2.709728241E1
2.068564113E1,-2.667057800E1,-2.281004906E1,-2.858949280E1
2.078613012E1,-2.559511566E1,-2.084024239E1,-3.052570724E1
2.088661913E1,-2.663217354E1,-1.686188316E1,-3.213822937E1
2.098710813E1,-2.816886139E1,-1.067173004E1,-3.331782150E1
2.108759712E1,-3.197665787E1,-3.775696754E0,-3.142751694E1
2.118808613E1,-3.104797745E1,4.993453979E0,-3.235709763E1
2.128857562E1,-3.052518272E1,1.048757267E1,-3.187880325E1
2.138906463E1,-2.762951469E1,1.379007530E1,-3.343485641E1
2.148955262E1,-2.623422432E1,1.479454327E1,-3.407221603E1
2.159004163E1,-2.685363960E1,1.418464565E1,-3.339306641E1
2.169053062E1,-2.835794067E1,1.095693779E1,-3.362154388E1
2.179101962E1,-2.896452141E1,6.743709087E0,-3.418661499E1
2.189150863E1,-2.670321274E1,3.976466656E0,-3.580810547E1
2.199199762E1,-2.463071823E1,-9.206695557E-1,-3.725560379E1
2.209248663E1,-2.040376854E1,-4.234724998E0,-3.914065170E1
2.219297562E1,-1.786501503E1,-4.496975899E0,-4.031625366E1
2.229346837E1,-1.769973183E1,-6.513438225E0,-4.008110428E1
2.239395738E1,-1.629896927E1,-5.391007423E0,-4.091858292E1
2.249444637E1,-1.763245010E1,-4.794791222E0,-4.066548538E1
2.259493537E1,-1.991983986E1,-6.876077652E0,-3.954401016E1
2.269542438E1,-2.004348373E1,-1.079942322E1,-3.849615479E1
2.279591337E1,-1.966678238E1,-1.523806763E1,-3.707328415E1
2.289640238E1,-1.786010551E1,-1.852124214E1,-3.638324356E1
2.299689137E1,-1.217314053E1,-2.244314957E1,-3.644901657E1
2.309738038E1,-8.369596481E0,-2.624213219E1,-3.504736328E1
2.319786937E1,-8.177854538E0,-2.664784050E1,-3.481051636E1
2.329835454E1,-1.145741081E1,-2.953683662E1,-3.173575592E1
2.339884354E1,-1.355723572E1,-2.885127068E1,-3.171530533E1
2.349933254E1,-1.723699951E1,-2.782415581E1,-3.091442490E1
2.359982154E1,-2.061919022E1,-2.710435677E1,-2.986333466E1
2.370031054E1,-2.259846878E1,-2.477110100E1,-3.069908524E1
2.380079954E1,-2.484421921E1,-2.123842239E1,-3.128500366E1
2.390128854E1,-2.779288483E1,-1.586120415E1,-3.224924850E1
2.400177754E1,-2.798364067E1,-1.157440567E1,-3.365982056E1
2.410226654E1,-2.899979401E1,-6.330203056E0,-3.387894821E1
2.420275554E1,-2.845397949E1,-6.377487183E-1,-3.470085144E1
2.430324404E1,-2.719895554E1,2.618518353E0,-3.561726379E1
2.440373304E1,-2.494778824E1,3.804818153E0,-3.691773605E1
2.450422204E1,-2.348390961E1,3.937163353E0,-3.772884369E1
2.460471104E1,-2.296037102E1,4.506793022E0,-3.823514938E1
2.470520004E1,-2.501390266E1,3.553843975E0,-3.753419113E1
2.480568904E1,-3.043918800E1,-5.012321472E-1,-3.487978745E1
2.490617804E1,-3.432334137E1,-3.979930878E0,-3.269547653E1
2.500666704E1,-3.640314484E1,-9.000627518E0,-3.072264862E1
2.510715504E1,-3.269671631E1,-1.346609306E1,-3.165176010E1
2.520764404E1,-2.843514824E1,-1.785503006E1,-3.151856613E1
2.530813425E1,-2.520692825E1,-2.337903023E1,-2.915461731E1
2.540862325E1,-1.985771942E1,-2.435945702E1,-3.177645493E1
2.550911225E1,-1.571471977E1,-2.641895866E1,-3.234315109E1
2.560960125E1,-1.256689548E1,-2.782840919E1,-3.233108902E1
2.571009025E1,-9.984592438E0,-2.824968529E1,-3.291935349E1
2.581057925E1,-7.965491295E0,-2.949030876E1,-3.211072922E1
2.591106825E1,-6.797945976E0,-2.889699364E1,-3.296274948E1
2.601155725E1,-6.622286320E0,-2.744505119E1,-3.393387985E1
2.611204625E1,-9.907968521E0,-2.498493004E1,-3.512963486E1
2.621253525E1,-1.133641052E1,-2.170204353E1,-3.654054260E1
2.631302362E1,-1.288965416E1,-1.757907867E1,-3.817441940E1
2.641351262E1,-1.514091301E1,-1.270742989E1,-3.914185715E1
2.651400163E1,-1.754423141E1,-7.339950562E0,-3.969014740E1
2.661449062E1,-1.818403816E1,-2.567087173E0,-4.002348709E1
2.671497963E1,-2.007393646E1,1.462807655E0,-3.955225754E1
2.681546862E1,-2.067097473E1,5.104036331E0,-3.893379593E1
2.691595763E1,-2.185297012E1,8.667393684E0,-3.798304367E1
2.701644562E1,-2.252123260E1,9.727063179E0,-3.767245865E1
2.711693463E1,-2.340254974E1,9.924715042E0,-3.708903503E1
2.721742362E1,-2.408558464E1,9.296906471E0,-3.677814102E1
2.731791213E1,-2.589721680E1,5.467515945E0,-3.658536148E1
2.741840113E1,-2.820539284E1,-1.840382576E0,-3.558687210E1
2.751889012E1,-3.114082146E1,-1.089646721E1,-3.285161972E1
2.761937913E1,-3.147633362E1,-1.377909851E1,-3.198822021E1
2.771986812E1,-3.023652077E1,-1.650989342E1,-3.175916672E1
2.782035713E1,-2.591378784E1,-1.838810730E1,-3.352669144E1
2.792084612E1,-2.245005798E1,-2.091565895E1,-3.360140228E1
2.802133513E1,-1.812290192E1,-2.236398697E1,-3.431589890E1
2.812182312E1,-1.533773804E1,-2.303727150E1,-3.473408508E1
2.822231213E1,-1.484828377E1,-2.473285103E1,-3.334586334E1
2.832280142E1,-1.493402100E1,-2.528303719E1,-3.283297729E1
2.842329042E1,-1.626194000E1,-2.562590599E1,-3.209128571E1
2.852377942E1,-1.568521690E1,-2.392793083E1,-3.343934250E1
2.862426842E1,-1.582524681E1,-1.994948006E1,-3.591442108E1
2.872475742E1,-1.688658905E1,-1.640253448E1,-3.724821472E1
2.882524642E1,-1.738462067E1,-1.216559982E1,-3.868195724E1
2.892573442E1,-1.831613922E1,-7.688251495E0,-3.918857574E1
2.902622342E1,-2.014483452E1,-1.014888763E0,-3.944136429E1
2.912671242E1,-2.078906631E1,3.775979996E0,-3.894837189E1
2.922720600E1,-2.076107979E1,8.930599213E0,-3.829036331E1
2.932769500E1,-2.067093468E1,1.264981270E1,-3.758410263E1
2.942818400E1,-2.066745377E1,1.656677628E1,-3.646222687E1
2.952867300E1,-2.002669907E1,1.793685150E1,-3.624042892E1
2.962916100E1,-2.035174179E1,2.069056320E1,-3.456666183E1
2.972965000E1,-2.189346313E1,2.260537720E1,-3.261623383E1
2.983013900E1,-2.169465637E1,2.260556030E1,-3.297988892E1
2.993062800E1,-2.186105537E1,1.960328293E1,-3.440946579E1
3.003111700E1,-2.429108047E1,1.209165001E1,-3.556827164E1
3.013160500E1,-2.595685387E1,6.687628269E0,-3.581447983E1
3.023208979E1,-2.535158348E1,3.016207695E0,-3.639627075E1
3.033257879E1,-2.379372025E1,-1.140347481E0,-3.741838837E1
3.043306779E1,-2.117903137E1,-4.878057480E0,-3.843579865E1
3.053355679E1,-2.029868317E1,-8.093206406E0,-3.847274017E1
3.063404579E1,-2.079480934E1,-1.167736435E1,-3.714916992E1
3.073453379E1,-2.240774155E1,-1.609109688E1,-3.467423630E1
3.083502279E1,-2.318284607E1,-1.870174789E1,-3.286450195E1
3.093551179E1,-2.484048843E1,-1.924241257E1,-3.165587997E1
3.103600079E1,-2.598243141E1,-1.782645988E1,-3.144329453E1
3.113648979E1,-2.658818436E1,-1.351346397E1,-3.335018539E1
3.123697792E1,-2.648890305E1,-7.559234619E0,-3.504785538E1
3.133746692E1,-2.539672852E1,-1.699977875E0,-3.655058670E1
3.143795592E1,-2.652190971E1,4.803250313E0,-3.588531494E1
3.153844492E1,-2.634705353E1,1.030020332E1,-3.504122162E1
3.163893392E1,-2.397586060E1,1.424822426E1,-3.510678864E1
3.173942192E1,-2.291934204E1,1.603339767E1,-3.503618622E1
3.183991092E1,-2.198185730E1,1.754539490E1,-3.479432297E1
3.194039992E1,-2.140809631E1,1.694739151E1,-3.527403259E1
3.204088892E1,-2.197758675E1,1.469110870E1,-3.565846634E1
3.214137692E1,-2.300797272E1,1.201440716E1,-3.607215500E1
3.224186575E1,-2.386790466E1,9.119231224E0,-3.615446854E1
3.234235475E1,-2.639297485E1,5.697037697E0,-3.562535095E1
3.244284375E1,-2.797584534E1,2.626482964E0,-3.527206802E1
3.254333275E1,-2.728218842E1,-5.563745499E-1,-3.615011597E1
3.264382075E1,-2.558129120E1,-4.663812637E0,-3.722001266E1
3.274430975E1,-2.509107208E1,-6.970693588E0,-3.682057953E1
3.284479875E1,-2.545150185E1,-1.190124702E1,-3.508267212E1
3.294528775E1,-2.466175461E1,-1.497948647E1,-3.423650360E1
3.304577575E1,-2.338339615E1,-1.578456688E1,-3.443109894E1
3.314626475E1,-2.206823730E1,-1.476498985E1,-3.611931992E1
3.324675350E1,-2.218307114E1,-1.121835899E1,-3.749148941E1
3.334724250E1,-2.134952545E1,-8.015092850E0,-3.888645554E1
3.344773050E1,-2.001530457E1,-5.593813896E0,-3.961706543E1
3.354821950E1,-1.989001274E1,-4.672300339E0,-3.911361313E1
3.364870850E1,-2.012028313E1,-9.696279526E0,-3.809198761E1
3.374919650E1,-2.224220276E1,-1.381945038E1,-3.547777176E1
3.384968550E1,-2.487583160E1,-1.651403618E1,-3.284489059E1
3.395017450E1,-2.590977478E1,-1.729473686E1,-3.189231110E1
3.405066350E1,-2.528918648E1,-1.601205826E1,-3.285318375E1
3.415115150E1,-2.524085045E1,-1.342272758E1,-3.396485901E1
3.425164088E1,-2.236634254E1,-8.573156357E0,-3.684063339E1
3.435212987E1,-1.817539024E1,-2.570985794E0,-3.974036789E1
3.445261888E1,-1.497380257E1,2.717292786E0,-4.104292679E1
3.455310687E1,-1.236607647E1,5.986404419E0,-4.159453583E1
3.465359588E1,-1.065009785E1,8.906101227E0,-4.160961914E1
3.475408487E1,-1.369014263E1,9.257922173E0,-4.103425217E1
3.485457288E1,-1.943570518E1,5.629852295E0,-4.001560593E1
3.495506187E1,-2.400623322E1,2.011628628E0,-3.854402161E1
3.505555088E1,-2.649972534E1,-5.142413139E0,-3.694582367E1
3.515603988E1,-2.602006721E1,-1.056838799E1,-3.598633194E1
3.525652738E1,-2.529486847E1,-1.742815590E1,-3.325455093E1
3.535701637E1,-2.379627419E1,-2.501243782E1,-2.891996765E1
3.545750537E1,-2.320564461E1,-2.784305382E1,-2.671506882E1
3.555799337E1,-2.432180786E1,-2.552587700E1,-2.822442627E1
3.565848237E1,-2.350989532E1,-2.001453018E1,-3.221062469E1
3.575897138E1,-2.447698975E1,-1.763061333E1,-3.254030228E1
3.585946037E1,-2.491713715E1,-1.352924919E1,-3.401574326E1
3.595994838E1,-2.528772545E1,-7.978889465E0,-3.541226196E1
3.606043737E1,-2.575982285E1,-2.812413216E0,-3.582685089E1
3.616092638E1,-2.593624496E1,2.837851524E0,-3.615952682E1
3.626141542E1,-2.621161652E1,4.578778744E0,-3.592016220E1
3.636190442E1,-2.661910248E1,5.093961239E0,-3.591313171E1
3.646239342E1,-2.718208122E1,4.588404655E0,-3.569651031E1
3.656288142E1,-2.571598816E1,5.567076683E0,-3.674201202E1
3.666337042E1,-2.436247635E1,8.655693054E0,-3.705110550E1
3.676385942E1,-2.429785538E1,1.025792980E1,-3.681894302E1
3.686434742E1,-2.525545883E1,1.108173943E1,-3.610777283E1
3.696483642E1,-2.548702621E1,1.093626499E1,-3.602270508E1
3.706532542E1,-2.599412537E1,6.169508934E0,-3.669985580E1
3.716581342E1,-2.860087776E1,-2.722598076E0,-3.496137619E1
3.726630542E1,-3.208326721E1,-8.908464432E0,-3.107265091E1
3.736679442E1,-3.396801758E1,-1.247311783E1,-2.822563553E1
3.746728242E1,-3.269589615E1,-1.344827271E1,-2.901021957E1
3.756777142E1,-3.234246063E1,-1.603502655E1,-2.809033203E1
3.766826042E1,-3.126375389E1,-1.798205566E1,-2.761278915E1
3.776874842E1,-3.058681488E1,-1.960747147E1,-2.700578308E1
3.786923742E1,-3.105970764E1,-2.079793167E1,-2.558423615E1
3.796972642E1,-3.061828423E1,-2.152603722E1,-2.524852753E1
3.807021442E1,-3.064295006E1,-2.088688469E1,-2.567018127E1
3.817070342E1,-2.965325546E1,-1.889215088E1,-2.815094757E1
3.827119517E1,-2.966519356E1,-1.603434181E1,-3.013481522E1
3.837168317E1,-2.557655525E1,-1.052212334E1,-3.528188324E1
3.847217217E1,-2.166133881E1,-5.400123596E0,-3.862163162E1
3.857266017E1,-2.252530670E1,-1.416122437E0,-3.871420288E1
3.867314917E1,-2.311383057E1,1.843095303E0,-3.828129196E1
3.877363817E1,-2.274087906E1,4.691161156E0,-3.855296707E1
3.887412617E1,-2.206684685E1,6.850267887E0,-3.870103455E1
3.897461517E1,-2.222893143E1,7.072391987E0,-3.865308380E1
3.907510417E1,-2.247009468E1,7.811141014E0,-3.866903305E1
3.917559217E1,-2.272302628E1,6.002393723E0,-3.877328873E1
3.927607537E1,-2.444080734E1,-8.372697830E-1,-3.820066452E1
3.937656438E1,-2.642475891E1,-7.305187225E0,-3.638451385E1
3.947705237E1,-2.757392120E1,-1.184297180E1,-3.427901840E1
3.957754138E1,-2.846350479E1,-1.489519501E1,-3.206062698E1
3.967802937E1,-2.957884598E1,-1.766402245E1,-3.009535980E1
3.977851838E1,-2.943895149E1,-1.851549149E1,-2.941622162E1
3.987900737E1,-2.690046310E1,-1.897328568E1,-3.114037704E1
3.997949538E1,-2.380039978E1,-1.953013611E1,-3.272340393E1
4.007998437E1,-1.950478554E1,-1.723761749E1,-3.602342606E1
4.018047338E1,-1.361733150E1,-1.254860306E1,-4.020034027E1
4.028096062E1,-8.121637344E0,-7.336931229E0,-4.244586945E1
4.038144963E1,-2.954673767E-2,-2.857395172E0,-4.353935623E1
4.048193762E1,4.638837814E0,-4.866619110E-1,-4.325746918E1
4.058242663E1,7.193773270E0,1.749676704E0,-4.284964752E1
4.068291562E1,7.365051270E0,2.724321365E0,-4.283368301E1
4.078340363E1,4.627192497E0,2.990044117E0,-4.340225220E1
4.088389262E1,-1.715890884E0,9.655108452E-1,-4.370148087E1
4.098438063E1,-7.861044884E0,-4.929208755E-1,-4.352199936E1
4.108486962E1,-1.463496780E1,-1.601721764E0,-4.194798279E1
4.118535863E1,-2.196262741E1,-1.372210503E0,-3.942037582E1
4.128584675E1,-3.206547928E1,-2.300786972E0,-3.286164474E1
4.138633575E1,-3.926817322E1,-3.072533607E0,-2.512218475E1
4.148682375E1,-4.421259689E1,-2.474501610E0,-1.651693344E1
4.158731275E1,-4.663724899E1,-2.187608719E0,-9.474448204E0
4.168780175E1,-4.716500473E1,-1.507837296E0,-7.121647835E0
4.178828975E1,-4.752614594E1,-1.965899467E0,-6.003283501E0
4.188877875E1,-4.736078262E1,-2.501290321E0,-5.705077171E0
4.198926675E1,-4.684723282E1,-2.985190392E0,-8.706803322E0
4.208975575E1,-4.394313431E1,-4.100611687E0,-1.655553436E1
4.219024475E1,-3.846597290E1,-6.036392212E0,-2.489677429E1
4.229073317E1,-3.029165077E1,-7.954412460E0,-3.260210419E1
4.239122217E1,-2.028615189E1,-7.703395844E0,-3.880271530E1
4.249171017E1,-9.639570236E0,-5.907227516E0,-4.236161041E1
4.259219917E1,-4.011030197E-1,-3.542714119E0,-4.340281677E1
4.269268817E1,7.036350250E0,-1.312665939E0,-4.287293243E1
4.279317617E1,1.368630409E1,6.147890091E-1,-4.121088028E1
4.289366517E1,1.912419128E1,3.154690266E0,-3.893319702E1
4.299415317E1,2.327301788E1,4.865868092E0,-3.675114059E1
4.309464217E1,2.709400940E1,5.635851860E0,-3.389106750E1
4.319513117E1,2.719382858E1,6.127246857E0,-3.361597443E1
4.329561892E1,2.624580765E1,6.439466476E0,-3.440011215E1
4.339610792E1,1.835079384E1,5.315661907E0,-3.915687180E1
4.349659592E1,7.177886963E0,4.010192871E0,-4.282165909E1
4.359708492E1,-2.203634262E0,2.079405785E0,-4.373024368E1
4.369757392E1,-1.070973492E1,-9.961500168E-1,-4.306996536E1
4.379806192E1,-2.023839951E1,-5.308570862E0,-3.975811386E1
4.389855092E1,-2.395154190E1,-9.492464066E0,-3.691651154E1
4.399903892E1,-2.310762215E1,-1.585422134E1,-3.493674088E1
4.409952792E1,-1.957562447E1,-2.281156540E1,-3.301448441E1
4.420001692E1,-1.848563385E1,-2.783717537E1,-2.985150909E1
4.430050438E1,-1.777945328E1,-3.114259148E1,-2.728538132E1
4.440099337E1,-2.086255264E1,-3.332116699E1,-2.234640121E1
4.450148138E1,-2.386511230E1,-3.256739807E1,-2.053875351E1
4.460197037E1,-2.620649719E1,-2.804259682E1,-2.382304764E1
4.470245838E1,-2.681076050E1,-2.159062386E1,-2.920877075E1
4.480294737E1,-2.740919876E1,-1.419352722E1,-3.273887634E1
4.490343638E1,-2.870179176E1,-8.589195251E0,-3.348166275E1
4.500392437E1,-2.929685974E1,-1.936604500E0,-3.439057159E1
4.510441338E1,-2.762435532E1,5.206276894E0,-3.512342072E1
4.520490137E1,-2.596657181E1,8.832483292E0,-3.586433029E1
4.530539050E1,-2.632966614E1,7.083954334E0,-3.623680115E1
4.540587850E1,-2.649119949E1,5.279720783E0,-3.648036194E1
4.550636750E1,-2.636876678E1,4.082812786E0,-3.691090012E1
4.560685650E1,-2.753808022E1,1.402812481E0,-3.647321320E1
4.570734450E1,-2.865061569E1,-1.993869781E0,-3.617399597E1
4.580783350E1,-2.821792412E1,-6.406291962E0,-3.586827850E1
4.590832150E1,-2.750302887E1,-1.043458939E1,-3.506808090E1
4.600881050E1,-2.340577316E1,-1.518143272E1,-3.542613220E1
4.610929850E1,-1.853192902E1,-1.881407547E1,-3.584513474E1
4.620978750E1,-1.140079308E1,-2.050255585E1,-3.746126556E1
4.631027600E1,-4.763280392E0,-1.638020897E1,-4.049966049E1
4.641076500E1,5.245285034E-1,-1.243170166E1,-4.182159424E1
4.651125400E1,4.215925217E0,-7.040567398E0,-4.285131836E1
4.661174200E1,-1.068905830E0,-5.220335007E0,-4.346544647E1
4.671223100E1,-1.259437466E1,-2.865858078E0,-4.224073792E1
4.681271900E1,-1.726827431E1,-8.132553101E-1,-4.126973724E1
4.691320800E1,-2.377327347E1,-1.525523186E0,-3.834599686E1
4.701369600E1,-3.192342186E1,-3.850185394E0,-3.283142853E1
4.711418500E1,-3.822704697E1,-4.042489052E0,-2.586265564E1
4.721467300E1,-4.159885406E1,-2.502040863E0,-2.126979828E1
4.731516200E1,-4.288544464E1,-1.611627579E0,-1.882033157E1
4.741565000E1,-4.323963547E1,-1.602889061E0,-1.759199524E1
4.751613900E1,-4.016045380E1,-2.019927979E0,-2.281814957E1
4.761662700E1,-3.312884521E1,-2.371881485E0,-3.107007980E1
4.771711600E1,-2.261747551E1,-1.745181084E0,-3.834854126E1
4.781760400E1,-1.618970871E1,-2.199316025E-1,-4.133828735E1
4.791809300E1,-8.417279243E0,1.302006245E0,-4.310666656E1
4.801858200E1,1.522700310E0,2.905167580E0,-4.334725189E1
4.811907000E1,1.552694893E1,4.923803329E0,-4.020072174E1
4.821955900E1,1.598311043E1,5.156918526E0,-3.984251404E1
4.832004725E1,1.314459419E1,6.271486282E0,-4.101914215E1
4.842053625E1,5.138117790E0,4.651971340E0,-4.333941650E1
4.852102425E1,-1.260324478E0,2.391221046E0,-4.384450531E1
4.862151325E1,-7.951328278E0,5.836620331E-1,-4.372435379E1
4.872200125E1,-1.330326843E1,-1.460144043E0,-4.258423996E1
4.882249025E1,-2.007358551E1,-4.040988922E0,-3.993652344E1
4.892297825E1,-2.774273109E1,-7.596576691E0,-3.536367035E1
4.902346725E1,-3.281960297E1,-9.849811554E0,-3.059542847E1
4.912395525E1,-3.433652496E1,-1.213220596E1,-2.820396423E1
4.922444425E1,-3.329734802E1,-1.447366524E1,-2.801971436E1
4.932493242E1,-3.101804924E1,-1.457550621E1,-3.004911804E1
4.942542142E1,-2.761770439E1,-1.467629051E1,-3.265361786E1
4.952590942E1,-2.370776176E1,-1.560970116E1,-3.449159241E1
4.962639842E1,-1.912002754E1,-1.292785645E1,-3.787696457E1
4.972688642E1,-1.547593498E1,-6.187285423E0,-4.105300522E1
4.982737542E1,-1.573463821E1,-3.748407364E-1,-4.158899689E1
4.992786342E1,-2.084244919E1,2.409521580E0,-3.995393753E1
5.002835242E1,-2.618563080E1,4.972168446E0,-3.720765305E1
5.012884042E1,-3.157167053E1,6.137336254E0,-3.345130539E1
5.022932942E1,-3.564072800E1,6.053205013E0,-2.993058014E1
5.032981687E1,-3.671366119E1,4.762230873E0,-2.881698227E1
5.043030588E1,-3.545796585E1,5.256605148E-1,-2.986753464E1
5.053079387E1,-3.382444763E1,-2.131062508E0,-3.071141815E1
5.063128288E1,-2.995165634E1,-4.508835793E0,-3.359598160E1
5.073177087E1,-2.318722534E1,-6.480667114E0,-3.780198669E1
5.083225988E1,-1.911724091E1,-6.144919395E0,-3.964863205E1
5.093274787E1,-1.851044846E1,-2.074597359E0,-4.063351440E1
5.103323688E1,-2.268304062E1,4.441315651E0,-3.862430954E1
5.113372487E1,-2.454819870E1,5.795349121E0,-3.768162537E1
5.123421288E1,-2.700631332E1,6.947239876E0,-3.612885666E1
5.133470229E1,-3.090475464E1,7.609771252E0,-3.369794846E1
5.143519029E1,-3.337123871E1,7.814679146E0,-3.183948135E1
5.153567929E1,-3.530935287E1,7.427877903E0,-3.017295837E1
5.163616729E1,-3.736323547E1,5.743827820E0,-2.886531448E1
5.173665629E1,-3.678982544E1,2.128579617E0,-2.950476456E1
5.183714429E1,-3.379886246E1,-2.509137154E0,-3.195090485E1
5.193763329E1,-2.720171738E1,-7.838163376E0,-3.604655075E1
5.203812129E1,-1.718976784E1,-7.379768372E0,-4.068955612E1
5.213861029E1,-5.938664436E0,-3.999826431E0,-4.314921570E1
5.223909829E1,6.570768356E-1,-8.337612152E-1,-4.342937469E1
5.233958612E1,6.910177231E0,2.619534969E0,-4.260828400E1
5.244007413E1,1.043999100E1,4.995001793E0,-4.164350128E1
5.254056212E1,9.377641678E0,7.949155807E0,-4.156138611E1
5.264105113E1,4.212910652E0,9.315952301E0,-4.242238998E1
5.274153912E1,-2.639326096E0,9.287113190E0,-4.284901047E1
5.284202813E1,-1.107620335E1,6.674226761E0,-4.262844467E1
5.294251612E1,-1.732932663E1,2.138991356E0,-4.168832779E1
5.304300513E1,-2.125004768E1,-4.352125168E0,-4.008085632E1
5.314349312E1,-2.343793869E1,-1.155261803E1,-3.768338013E1
5.324398213E1,-2.591977692E1,-1.944996452E1,-3.226131058E1
5.334447042E1,-2.574376488E1,-2.452499580E1,-2.846811295E1
5.344495942E1,-2.396895981E1,-2.895409966E1,-2.530333328E1
5.354544742E1,-2.181771469E1,-3.108099556E1,-2.432860184E1
5.364593642E1,-2.126882172E1,-2.935009575E1,-2.671606445E1
5.374642442E1,-1.935118294E1,-2.412830544E1,-3.286497879E1
5.384691242E1,-1.590192699E1,-1.786717224E1,-3.802008057E1
5.394740142E1,-1.213250637E1,-1.038962364E1,-4.184736633E1
5.404788942E1,-9.399679184E0,-4.335828781E0,-4.329913712E1
5.414837842E1,-5.524594307E0,-7.236967087E-1,-4.414292526E1
5.424886654E1,4.533996582E-1,1.815024853E0,-4.401486206E1
5.434935554E1,6.322591782E0,1.784073830E0,-4.315398407E1
5.444984354E1,4.019253731E0,4.690673828E0,-4.336163330E1
5.455033254E1,-1.398677826E0,7.675080299E0,-4.326436615E1
5.465082054E1,-6.845331192E0,1.026779652E1,-4.266195679E1
5.475130854E1,-1.500030041E1,1.251284504E1,-4.046398163E1
5.485179754E1,-2.407159805E1,1.584103394E1,-3.523769379E1
5.495228554E1,-2.848616791E1,1.870153427E1,-3.031053543E1
5.505277454E1,-3.069339371E1,1.960682678E1,-2.833021545E1
5.515326254E1,-3.088800430E1,1.802194786E1,-2.904401016E1
5.525375167E1,-2.842974663E1,1.574539375E1,-3.250201035E1
5.535423967E1,-2.497790146E1,1.341171455E1,-3.568001175E1
5.545472767E1,-2.062774467E1,1.034032917E1,-3.858844376E1
5.555521667E1,-1.834850502E1,7.017052650E0,-4.064243317E1
5.565570467E1,-1.724472809E1,3.710364819E0,-4.149819565E1
5.575619367E1,-2.107601166E1,1.302877426E0,-4.033854675E1
5.585668167E1,-2.546088600E1,-6.022467613E0,-3.806578827E1
5.595717067E1,-2.538552094E1,-1.124780083E1,-3.619050217E1
5.605765867E1,-2.149554062E1,-1.411369705E1,-3.725422287E1
5.615814667E1,-2.065048409E1,-2.007666588E1,-3.481247330E1
5.625863550E1,-1.841894913E1,-2.453945732E1,-3.278403473E1
5.635912350E1,-1.575434875E1,-2.836837959E1,-3.113671112E1
5.645961250E1,-1.464722633E1,-3.204589081E1,-2.788615799E1
5.656010050E1,-1.711501312E1,-3.473213196E1,-2.349854279E1
5.666058950E1,-1.839585876E1,-3.378307343E1,-2.400175858E1
5.676107750E1,-1.793369675E1,-3.028681755E1,-2.833934402E1
5.686156650E1,-1.698201370E1,-2.278720474E1,-3.497394943E1
5.696205450E1,-2.263270569E1,-2.054661369E1,-3.406322098E1
5.706254250E1,-2.310335541E1,-1.762028122E1,-3.546583557E1
5.716303150E1,-2.463014030E1,-1.280150604E1,-3.720128632E1
5.726351925E1,-2.597706223E1,-6.471811295E0,-3.792959976E1
5.736400825E1,-2.405515289E1,-7.746887207E-2,-3.895882034E1
5.746449625E1,-2.184721756E1,4.582060814E0,-3.914159393E1
5.756498525E1,-1.914279747E1,9.034012794E0,-3.974152374E1
5.766547325E1,-1.843331909E1,1.327173996E1,-3.877718353E1
5.776596225E1,-1.824152374E1,1.678253937E1,-3.768103790E1
5.786645025E1,-1.795013809E1,1.838535500E1,-3.718099594E1
5.796693825E1,-2.113334274E1,1.734227753E1,-3.633938980E1
5.806742725E1,-2.277912331E1,1.173506355E1,-3.766179657E1
5.816791525E1,-2.476101303E1,6.615183830E0,-3.752620697E1
5.826840429E1,-2.657940483E1,3.698396683E0,-3.698981857E1
5.836889229E1,-2.918681526E1,-9.773950577E-1,-3.590048599E1
5.846938129E1,-3.109368515E1,-7.132817268E0,-3.425757980E1
5.856986929E1,-3.425852966E1,-1.342108154E1,-3.056872940E1
5.867035829E1,-3.447107697E1,-1.935219383E1,-2.656290054E1
5.877084629E1,-3.216389084E1,-2.301423836E1,-2.488407516E1
5.887133529E1,-3.013937950E1,-2.498755836E1,-2.475402069E1
5.897182329E1,-2.785570526E1,-2.709766960E1,-2.435932541E1
5.907231129E1,-2.579497719E1,-2.777212715E1,-2.495862198E1
5.917280029E1,-2.355517960E1,-2.530345345E1,-2.844281769E1
5.927328888E1,-1.945012665E1,-2.259869766E1,-3.245360565E1
5.937377787E1,-1.298854828E1,-1.826793671E1,-3.746834946E1
5.947426588E1,-7.381521225E0,-1.313283539E1,-4.076702499E1
5.957475487E1,-1.498928070E0,-5.206020355E0,-4.301869583E1
5.967524288E1,3.933904648E0,9.946665764E-1,-4.325591660E1
5.977573187E1,1.621069908E0,2.505424500E0,-4.361783218E1
5.987621988E1,-4.321722031E0,2.469891071E0,-4.366562653E1
5.997670887E1,-1.249592972E1,-5.807476044E-1,-4.257754517E1
6.007719688E1,-2.167224121E1,-4.672011375E0,-3.893219757E1
6.017768487E1,-2.994938850E1,-7.381242752E0,-3.415600586E1
6.027817304E1,-3.635046387E1,-8.721393585E0,-2.790718842E1
6.037866104E1,-4.105085373E1,-7.696048737E0,-2.161961746E1
6.047915004E1,-4.357952499E1,-3.543131828E0,-1.768767548E1
6.057963804E1,-4.228316116E1,2.457611561E0,-2.002747726E1
6.068012704E1,-3.958661652E1,6.178898811E0,-2.365242004E1
6.078061504E1,-3.458321762E1,8.823442459E0,-2.867916489E1
6.088110304E1,-2.902424431E1,1.030526066E1,-3.306993484E1
6.098159204E1,-2.559310532E1,9.061862946E0,-3.584537888E1
6.108208004E1,-2.394058228E1,5.362299442E0,-3.706248474E1
6.118256904E1,-2.279383087E1,1.709022999E0,-3.789322281E1
6.128306179E1,-2.025438309E1,-1.461404800E0,-3.934965134E1
6.138355079E1,-1.840142632E1,-5.520235062E0,-3.977655029E1
6.148403879E1,-1.592925453E1,-8.860542297E0,-4.025225830E1
6.158452679E1,-1.662936211E1,-8.916473389E0,-4.025591278E1
6.168501579E1,-1.793514633E1,-1.144345474E1,-3.905346298E1
6.178550379E1,-1.685403442E1,-1.268077469E1,-3.918004227E1
6.188599279E1,-1.820055580E1,-1.640969276E1,-3.738832855E1
6.198648079E1,-1.932279968E1,-2.301106453E1,-3.307280731E1
6.208696979E1,-2.005821991E1,-2.798118019E1,-2.838105011E1
6.218745779E1,-2.036428833E1,-2.923895454E1,-2.701636887E1
6.228794225E1,-2.063160133E1,-2.843337822E1,-2.782511902E1
6.238843125E1,-2.088300323E1,-2.916605568E1,-2.708000946E1
6.248891925E1,-2.093126488E1,-3.156229210E1,-2.432495880E1
6.258940825E1,-2.004432678E1,-3.003344154E1,-2.688684464E1
6.268989625E1,-1.838642693E1,-2.448518181E1,-3.268119431E1
6.279038525E1,-1.870215607E1,-2.228265381E1,-3.414196014E1
6.289087325E1,-2.119199753E1,-2.016917801E1,-3.388212204E1
6.299136125E1,-2.414804077E1,-1.396208191E1,-3.523285294E1
6.309185025E1,-2.390824509E1,-6.772728920E0,-3.729829025E1
6.319233825E1,-2.327459335E1,-1.242209435E0,-3.840309906E1
6.329282712E1,-2.255075073E1,4.082227230E0,-3.857748032E1
6.339331513E1,-2.166368484E1,8.850543022E0,-3.837779617E1
6.349380412E1,-2.308781815E1,1.067617512E1,-3.721220779E1
6.359429213E1,-2.703940392E1,9.548713684E0,-3.548351288E1
6.369478112E1,-3.081755829E1,4.505108356E0,-3.361753082E1
6.379526913E1,-3.280731964E1,-1.098951340E0,-3.203356171E1
6.389575712E1,-3.421139145E1,-6.857997894E0,-3.013183594E1
6.399624613E1,-3.292194366E1,-1.401128006E1,-2.869618607E1
6.409673412E1,-2.833241463E1,-1.713836479E1,-3.080953598E1
6.419722313E1,-2.355945206E1,-1.881191826E1,-3.334692764E1
6.429771067E1,-1.847204208E1,-2.207765007E1,-3.439401627E1
6.439819967E1,-1.553392410E1,-2.367692375E1,-3.469955826E1
6.449868767E1,-1.560423946E1,-2.063921165E1,-3.620385742E1
6.459917567E1,-1.551025581E1,-1.481116104E1,-3.929454803E1
6.469966467E1,-1.503993034E1,-8.442792892E0,-4.107187653E1
6.480015267E1,-1.177186489E1,4.098434448E-1,-4.291554642E1
6.490064167E1,-8.600292206E0,7.497051239E0,-4.288345718E1
6.500112967E1,-9.587990761E0,3.205590248E0,-4.290285110E1
6.510161867E1,-1.031378746E1,-6.817026138E-1,-4.266529083E1
6.520210667E1,-1.555233955E1,-4.352133751E0,-4.113920975E1
6.530259500E1,-2.365969467E1,-4.938178062E0,-3.746495438E1
6.540308400E1,-2.829236031E1,-1.457938194E0,-3.516696930E1
6.550357200E1,-2.902535439E1,1.326531887E0,-3.444995880E1
6.560406100E1,-2.936769295E1,3.716821671E0,-3.430636978E1
6.570454900E1,-3.107653999E1,4.690813065E0,-3.308013153E1
6.580503700E1,-3.570500565E1,3.853431702E0,-2.930793762E1
6.590552600E1,-3.894077301E1,2.262473106E0,-2.606521988E1
6.600601400E1,-3.889284134E1,-2.991544724E0,-2.660402298E1
6.610650300E1,-3.787398911E1,-6.502054214E0,-2.895375061E1
6.620699100E1,-3.661995697E1,-1.019023323E1,-3.174658585E1
6.630747962E1,-3.634729767E1,-1.074637985E1,-3.339810944E1
6.640796763E1,-3.707696915E1,-9.192857742E0,-3.323941422E1
6.650845562E1,-4.273102951E1,-3.251156807E0,-2.877968216E1
6.660894463E1,-4.645227814E1,2.907190323E-1,-2.681649017E1
6.670943262E1,-4.461991882E1,8.311948776E-1,-2.960826492E1
6.680992163E1,-3.951113892E1,1.430295467E0,-3.479721069E1
6.691040962E1,-3.621034241E1,1.128808498E0,-3.583992004E1
6.701089763E1,-2.882656097E1,1.540513992E0,-4.187812424E1
6.711138662E1,-2.839875793E1,1.602929592E0,-4.219699097E1
6.721187463E1,-2.840817642E1,1.644892693E0,-4.209679413E1
6.731236400E1,-2.846128082E1,1.582084656E0,-4.225945282E1
6.741285200E1,-2.845541382E1,1.751352310E0,-4.222295380E1
6.751334000E1,-2.838221931E1,1.521232605E0,-4.193325043E1
6.761382900E1,-2.845829582E1,1.610236645E0,-4.217881012E1
6.771431700E1,-2.851295471E1,1.596665859E0,-4.208849335E1
6.781480500E1,-2.844745064E1,1.626503944E0,-4.194771194E1
6.791529400E1,-2.857671738E1,1.723949909E0,-4.214671326E1
6.801578200E1,-2.856991196E1,1.750153542E0,-4.169940567E1
6.811627100E1,-2.857478523E1,1.689968109E0,-4.199179459E1
6.821675900E1,-2.860749817E1,1.708025932E0,-4.193565750E1
6.831724592E1,-2.855945587E1,1.828393459E0,-4.200672150E1
6.841773492E1,-2.852344131E1,1.651076794E0,-4.179785538E1
6.851822292E1,-2.851852608E1,1.478556633E0,-4.172524643E1
6.861871192E1,-2.862913704E1,1.657421112E0,-4.196663666E1
6.871919992E1,-2.852230835E1,1.656101227E0,-4.206377792E1
6.881968792E1,-2.855785370E1,1.735252380E0,-4.219088364E1
6.892017692E1,-2.864266968E1,1.858428478E0,-4.226871872E1
6.902066492E1,-2.859177017E1,1.736040592E0,-4.225690079E1
6.912115292E1,-2.860107040E1,1.753392696E0,-4.222561264E1
6.922164192E1,-2.863566017E1,1.726990700E0,-4.231834412E1
6.932213425E1,-2.858376122E1,1.860574722E0,-4.227193451E1
6.942262225E1,-2.857754898E1,1.629907608E0,-4.200348663E1
6.952311125E1,-2.864053917E1,1.731448174E0,-4.208807755E1
6.962359925E1,-2.851613426E1,1.758873940E0,-4.220240021E1
6.972408825E1,-2.863874245E1,1.699282646E0,-4.220147705E1
6.982457625E1,-2.853460121E1,1.732227325E0,-4.214878464E1
6.992506425E1,-2.859947586E1,1.797587872E0,-4.213781357E1